"ID","Description","GeneRatio","BgRatio","RichFactor","FoldEnrichment","zScore","pvalue","p.adjust","qvalue","geneID","Count"
"GO:0007059","chromosome segregation","92/949","434/18860",0.211981566820276,4.21282650182341,15.5865186812314,6.14471436981341e-33,3.05085068461236e-29,2.74248304505356e-29,"TOP2A/OIP5/CENPP/CCNB2/CDC20/DLGAP5/NCAPD2/BUB1B/MEIKIN/TTK/NUSAP1/ASPM/CENPF/BRCA1/BIRC5/SPAG5/ESCO2/KIF11/PRC1/NCAPH/KIF14/CDK1/GPSM2/ZWINT/CCNE2/MAD2L1/MKI67/FIRRM/NCAPG2/NEK2/NUF2/CENPU/KIF15/NCAPG/SPC25/SPC24/KNL1/CENPM/UHRF1/CDT1/BUB1/NCAPD3/PLK1/KIFC1/CENPI/CENPE/SMC2/KIF18B/AURKB/NDC80/TACC3/TPX2/CENPK/CENPS/PHF10/KIF4A/MYBL2/SGO2/RCC1/ESPL1/TRIP13/UBE2C/SKA1/HJURP/KIF23/FANCD2/SMC4/CDCA8/HASPIN/MND1/BCL7A/KIF2C/CDC6/RACGAP1/DSN1/CDCA2/SGO1/SKA3/CENPH/SPICE1/DIAPH3/XRCC3/PSMC3IP/KIF22/FBXO5/NCAPH2/STIL/CCNE1/DMC1/FAM83D/CENPQ/SYCE2",92
"GO:0000280","nuclear division","93/949","453/18860",0.205298013245033,4.08000055827326,15.2735823068773,3.91976564782998e-32,9.73081822073793e-29,8.74726649831533e-29,"CD28/TOP2A/LRP5/CCNB2/CDC20/DLGAP5/NCAPD2/BUB1B/MEIKIN/TTK/NUSAP1/ASPM/CENPF/BIRC5/SPAG5/KIF11/PRC1/NCAPH/ANLN/KIF14/CDK1/ZWINT/CCNE2/MAD2L1/MKI67/NCAPG2/NEK2/NUF2/KIF15/NCAPG/SPC25/RAD54L/SPC24/KNL1/UHRF1/CDT1/BUB1/NCAPD3/PLK1/KIFC1/CENPI/CENPE/SMC2/KIF18B/AURKB/NDC80/TPX2/CENPK/PKMYT1/NFIA/CHEK1/RAD51/CENPS/KIF4A/MYBL2/PDE3A/EME1/CDC25C/RCC1/ESPL1/TRIP13/UBE2C/SKA1/KIF23/FANCD2/SMC4/CDCA8/HASPIN/GPR3/MND1/KIF2C/FANCA/KIF20B/RACGAP1/RAD51AP1/CDCA2/SGO1/MYBL1/SKA3/SPICE1/RAD54B/XRCC3/INSR/PSMC3IP/KIF22/FBXO5/NCAPH2/BRME1/CCNE1/DMC1/BMP4/FBXO43/SYCE2",93
"GO:0098813","nuclear chromosome segregation","76/949","323/18860",0.235294117647059,4.67612967210066,15.3392765742845,1.75490212663432e-30,2.9043630195798e-27,2.61080176032615e-27,"TOP2A/CCNB2/CDC20/DLGAP5/NCAPD2/BUB1B/MEIKIN/TTK/NUSAP1/ASPM/CENPF/BIRC5/SPAG5/KIF11/PRC1/NCAPH/KIF14/CDK1/ZWINT/CCNE2/MAD2L1/NCAPG2/NEK2/NUF2/KIF15/NCAPG/SPC25/SPC24/KNL1/UHRF1/CDT1/BUB1/NCAPD3/PLK1/KIFC1/CENPI/CENPE/SMC2/KIF18B/AURKB/NDC80/TACC3/TPX2/CENPK/PHF10/KIF4A/MYBL2/RCC1/ESPL1/TRIP13/UBE2C/SKA1/KIF23/FANCD2/SMC4/CDCA8/HASPIN/MND1/BCL7A/KIF2C/CDC6/RACGAP1/DSN1/SGO1/SKA3/SPICE1/XRCC3/PSMC3IP/KIF22/FBXO5/NCAPH2/CCNE1/DMC1/FAM83D/CENPQ/SYCE2",76
"GO:0140014","mitotic nuclear division","70/949","281/18860",0.249110320284698,4.95070668131654,15.3585175729756,8.76448440304102e-30,1.08789162652747e-26,9.77931943918262e-27,"CD28/LRP5/CDC20/DLGAP5/NCAPD2/BUB1B/TTK/NUSAP1/CENPF/BIRC5/SPAG5/KIF11/PRC1/NCAPH/ANLN/KIF14/CDK1/ZWINT/MAD2L1/MKI67/NCAPG2/NEK2/NUF2/KIF15/NCAPG/SPC25/SPC24/KNL1/UHRF1/CDT1/BUB1/NCAPD3/PLK1/KIFC1/CENPI/CENPE/SMC2/KIF18B/AURKB/NDC80/TPX2/CENPK/PKMYT1/NFIA/CHEK1/KIF4A/MYBL2/CDC25C/RCC1/ESPL1/TRIP13/UBE2C/SKA1/KIF23/SMC4/CDCA8/HASPIN/KIF2C/KIF20B/RACGAP1/CDCA2/SKA3/SPICE1/XRCC3/INSR/KIF22/FBXO5/NCAPH2/BMP4/FBXO43",70
"GO:0000070","mitotic sister chromatid segregation","57/949","192/18860",0.296875,5.89996048472076,15.7082142264289,9.91325968553002e-29,9.84386686773131e-26,8.84888864560995e-26,"CDC20/DLGAP5/NCAPD2/BUB1B/TTK/NUSAP1/CENPF/BIRC5/SPAG5/KIF11/PRC1/NCAPH/KIF14/CDK1/ZWINT/MAD2L1/NCAPG2/NEK2/NUF2/KIF15/NCAPG/SPC25/SPC24/KNL1/UHRF1/CDT1/BUB1/NCAPD3/PLK1/KIFC1/CENPI/CENPE/SMC2/KIF18B/AURKB/NDC80/TPX2/CENPK/KIF4A/MYBL2/RCC1/ESPL1/TRIP13/UBE2C/SKA1/KIF23/SMC4/CDCA8/HASPIN/KIF2C/RACGAP1/SKA3/SPICE1/XRCC3/KIF22/FBXO5/NCAPH2",57
"GO:0000819","sister chromatid segregation","62/949","233/18860",0.266094420600858,5.28824106694646,15.1606637065882,3.28953155158937e-28,2.7220873589402e-25,2.44694978574367e-25,"TOP2A/CDC20/DLGAP5/NCAPD2/BUB1B/TTK/NUSAP1/CENPF/BIRC5/SPAG5/KIF11/PRC1/NCAPH/KIF14/CDK1/ZWINT/MAD2L1/NCAPG2/NEK2/NUF2/KIF15/NCAPG/SPC25/SPC24/KNL1/UHRF1/CDT1/BUB1/NCAPD3/PLK1/KIFC1/CENPI/CENPE/SMC2/KIF18B/AURKB/NDC80/TACC3/TPX2/CENPK/PHF10/KIF4A/MYBL2/RCC1/ESPL1/TRIP13/UBE2C/SKA1/KIF23/SMC4/CDCA8/HASPIN/BCL7A/KIF2C/CDC6/RACGAP1/SKA3/SPICE1/XRCC3/KIF22/FBXO5/NCAPH2",62
"GO:0006260","DNA replication","69/949","290/18860",0.237931034482759,4.72853457359834,14.7286770997747,4.56416074791713e-28,3.23729401620122e-25,2.91008143927348e-25,"PCLAF/CCNA2/MCM5/RECQL4/BRCA1/FGFR1/ESCO2/EXO1/FAM111B/JADE1/CDK1/TK1/MCM6/MCM4/CCNE2/GINS2/POLA1/CDC25A/FEN1/MCM7/POLE/WEE1/DSCC1/GINS4/MCM2/ORC1/CHAF1B/MMS22L/CDT1/RFC4/CHAF1A/GINS1/E2F8/MCM8/TICRR/WDHD1/NFIA/CHEK1/RAD51/CENPS/RFC5/DNA2/BLM/CHTF18/POLQ/LIG1/TONSL/EME1/RRM1/POLE2/ORC6/RFC3/E2F7/CDC45/MCM10/CDC6/DONSON/GINS3/PCNA/TRAIP/ATAD5/MCM3/DTL/FBXO5/DUT/ID3/DDX11/CCNE1/CDC7",69
"GO:0006261","DNA-templated DNA replication","50/949","171/18860",0.292397660818713,5.81097985568065,14.5469210281044,5.24340398359504e-25,3.25418759731867e-22,2.9252674855846e-22,"MCM5/BRCA1/FGFR1/EXO1/CDK1/TK1/MCM6/MCM4/CCNE2/POLA1/FEN1/MCM7/POLE/GINS4/MCM2/ORC1/MMS22L/CDT1/RFC4/GINS1/E2F8/MCM8/TICRR/WDHD1/RAD51/CENPS/RFC5/DNA2/BLM/POLQ/LIG1/TONSL/EME1/RRM1/POLE2/ORC6/RFC3/E2F7/CDC45/MCM10/CDC6/DONSON/PCNA/TRAIP/ATAD5/MCM3/FBXO5/DDX11/CCNE1/CDC7",50
"GO:1905818","regulation of chromosome separation","33/949","76/18860",0.434210526315789,8.62930508568576,15.340173019396,3.77337795310466e-23,2.08164683746274e-20,1.87124240013611e-20,"CDC20/DLGAP5/NCAPD2/BUB1B/TTK/CENPF/BIRC5/NCAPH/ZWINT/MAD2L1/NCAPG2/NUF2/NCAPG/SPC25/SPC24/KNL1/BUB1/NCAPD3/PLK1/SMC2/AURKB/NDC80/ESPL1/TRIP13/UBE2C/SKA1/SMC4/CDCA8/HASPIN/SKA3/XRCC3/FBXO5/NCAPH2",33
"GO:0007088","regulation of mitotic nuclear division","39/949","119/18860",0.327731092436975,6.51318061471164,13.8871088728273,8.77900178002324e-22,4.35877438378154e-19,3.91820711024195e-19,"CD28/LRP5/CDC20/DLGAP5/BUB1B/TTK/NUSAP1/CENPF/BIRC5/ZWINT/MAD2L1/MKI67/NEK2/NUF2/SPC25/SPC24/KNL1/BUB1/PLK1/AURKB/NDC80/PKMYT1/CHEK1/CDC25C/RCC1/ESPL1/TRIP13/UBE2C/SKA1/CDCA8/HASPIN/KIF20B/CDCA2/SKA3/XRCC3/INSR/FBXO5/BMP4/FBXO43",39
"GO:0051304","chromosome separation","33/949","83/18860",0.397590361445783,7.90153236761588,14.5045410572654,1.11784721798842e-21,5.04555585210226e-19,4.53557148734056e-19,"CDC20/DLGAP5/NCAPD2/BUB1B/TTK/CENPF/BIRC5/NCAPH/ZWINT/MAD2L1/NCAPG2/NUF2/NCAPG/SPC25/SPC24/KNL1/BUB1/NCAPD3/PLK1/SMC2/AURKB/NDC80/ESPL1/TRIP13/UBE2C/SKA1/SMC4/CDCA8/HASPIN/SKA3/XRCC3/FBXO5/NCAPH2",33
"GO:0090068","positive regulation of cell cycle process","59/949","278/18860",0.212230215827338,4.21776804057281,12.4412329956434,1.83126733314616e-21,7.57686859089224e-19,6.81102937942081e-19,"CD28/LRP5/CDC20/DLGAP5/NCAPD2/NUSAP1/FGFR1/BIRC5/SPAG5/LSM11/NCAPH/KIF14/CDK1/GPSM2/CCNE2/MAD2L1/CDC25A/FEN1/NCAPG2/WEE1/NCAPG/KNL1/BUB1/NCAPD3/CIT/SMC2/AURKB/E2F8/NDC80/CHEK1/PLK4/CDC25C/RRM1/ESPL1/SLF1/UBE2C/SKA1/KIF23/SMC4/CDCA8/E2F7/RRM2/CDC6/KIF20B/CCDC15/RACGAP1/RAD51AP1/SKA3/XRCC3/INSR/ATAD5/DTL/FBXO5/NCAPH2/DDX11/STIL/CCNE1/FAM83D/CDC7",59
"GO:0051783","regulation of nuclear division","42/949","147/18860",0.285714285714286,5.67815745897938,13.1067288061642,8.83948504675637e-21,3.37600332747272e-18,3.03477057475684e-18,"CD28/LRP5/CDC20/DLGAP5/BUB1B/TTK/NUSAP1/CENPF/BIRC5/ZWINT/MAD2L1/MKI67/NEK2/NUF2/SPC25/SPC24/KNL1/BUB1/PLK1/AURKB/NDC80/PKMYT1/CHEK1/PDE3A/CDC25C/RCC1/ESPL1/TRIP13/UBE2C/SKA1/CDCA8/HASPIN/GPR3/KIF20B/RAD51AP1/CDCA2/SKA3/XRCC3/INSR/FBXO5/BMP4/FBXO43",42
"GO:0051983","regulation of chromosome segregation","40/949","134/18860",0.298507462686567,5.93240331535159,13.1892770247011,1.2707391271651e-20,4.50658554741053e-18,4.05107811968424e-18,"CDC20/DLGAP5/NCAPD2/BUB1B/TTK/CENPF/BIRC5/NCAPH/CDK1/ZWINT/MAD2L1/NCAPG2/NUF2/NCAPG/SPC25/SPC24/KNL1/BUB1/NCAPD3/PLK1/CENPE/SMC2/AURKB/NDC80/TACC3/PHF10/ESPL1/TRIP13/UBE2C/SKA1/SMC4/CDCA8/HASPIN/BCL7A/KIF2C/CDC6/SKA3/XRCC3/FBXO5/NCAPH2",40
"GO:0044772","mitotic cell cycle phase transition","75/949","461/18860",0.162689804772234,3.23322414963576,11.1742449711117,1.14340422929855e-19,3.60480384633123e-17,3.24044486318852e-17,"APPL2/CDKN2C/BCL2/IQGAP3/CCNB2/CDC20/DLGAP5/BUB1B/CCNA2/TTK/CENPF/BRCA1/BIRC5/LSM11/ANLN/KIF14/JADE1/CDK1/ZWINT/CCNE2/MAD2L1/CDC25A/POLE/CLSPN/NUF2/WEE1/KANK2/SPC25/SPC24/ORC1/KNL1/BUB1/PLK1/CENPE/AURKB/NDC80/TACC3/TICRR/PKMYT1/NFIA/CHEK1/CCNF/PHF10/BLM/CDC25C/RCC1/RRM1/ESPL1/TRIP13/UBE2C/SKA1/CDKN2B/FOXM1/CDCA8/HASPIN/E2F7/CTDSPL/BCL7A/RBL1/RRM2/CDC6/DONSON/E2F1/CDKN3/SKA3/XRCC3/ATAD5/DTL/FBXO5/NES/STIL/IER3/CCNE1/CDC7/MYB",75
"GO:0045787","positive regulation of cell cycle","64/949","349/18860",0.183381088825215,3.64443344072029,11.4779131192619,1.16166891321852e-19,3.60480384633123e-17,3.24044486318852e-17,"PRKCA/CD28/TAL1/LRP5/CDC20/DLGAP5/NCAPD2/NUSAP1/FGFR1/BIRC5/SPAG5/LSM11/NCAPH/KIF14/CDK1/GPSM2/CCNE2/MAD2L1/CDC25A/FEN1/NCAPG2/WEE1/NCAPG/KNL1/BUB1/NCAPD3/CIT/SMC2/AURKB/E2F8/NDC80/CHEK1/SHB/PLK4/CDC25C/RRM1/ESPL1/SLF1/UBE2C/SKA1/KIF23/SMC4/CDCA8/E2F7/RRM2/CDC6/KIF20B/CCDC15/RACGAP1/RAD51AP1/SKA3/XRCC3/INSR/ATAD5/DTL/FBXO5/NCAPH2/DDX11/STIL/CCNE1/FAM83D/IL10/CDC7/USP2",64
"GO:1901987","regulation of cell cycle phase transition","74/949","468/18860",0.158119658119658,3.14239910657192,10.8029246145913,1.07458697655268e-18,3.13842608152003e-16,2.82120667528381e-16,"APPL2/CDKN2C/BCL2/CDC20/DLGAP5/BUB1B/TTK/CENPF/BRCA1/BIRC5/LSM11/ANLN/KIF14/JADE1/CDK1/ZWINT/CCNE2/MAD2L1/CDC25A/CLSPN/NUF2/WEE1/KANK2/SPC25/SPC24/ORC1/KNL1/WDR76/CDT1/BUB1/PLK1/CENPE/AURKB/NDC80/TICRR/PKMYT1/CHEK1/RAD51/PHF10/DNA2/BLM/EME1/CDC25C/RRM1/ESPL1/TRIP13/UBE2C/SKA1/CDKN2B/FANCD2/CDCA8/H2AX/HASPIN/E2F7/CDC45/CTDSPL/BCL7A/RBL1/RRM2/CDC6/DONSON/E2F1/SKA3/XRCC3/ATAD5/DTL/FBXO5/STIL/IER3/NEK10/CCNE1/FAM83D/CDC7/CDK15",74
"GO:1901990","regulation of mitotic cell cycle phase transition","63/949","357/18860",0.176470588235294,3.5070972540755,11.0082107230971,1.7028145178778e-18,4.69693004514627e-16,4.22218336596601e-16,"APPL2/CDKN2C/BCL2/CDC20/DLGAP5/BUB1B/TTK/CENPF/BRCA1/BIRC5/LSM11/ANLN/KIF14/JADE1/CDK1/ZWINT/CCNE2/MAD2L1/CDC25A/CLSPN/NUF2/WEE1/KANK2/SPC25/SPC24/ORC1/KNL1/BUB1/PLK1/CENPE/AURKB/NDC80/TICRR/PKMYT1/CHEK1/PHF10/BLM/CDC25C/RRM1/ESPL1/TRIP13/UBE2C/SKA1/CDKN2B/CDCA8/HASPIN/E2F7/CTDSPL/BCL7A/RBL1/RRM2/CDC6/DONSON/E2F1/SKA3/XRCC3/ATAD5/DTL/FBXO5/STIL/IER3/CCNE1/CDC7",63
"GO:0010948","negative regulation of cell cycle process","59/949","318/18860",0.185534591194969,3.6872311801234,11.1243032981445,1.82071393036949e-18,4.75781298120237e-16,4.27691250125574e-16,"BCL2/CDC20/BUB1B/TTK/CENPF/BRCA1/BIRC5/JADE1/CDK1/ZWINT/MAD2L1/CLSPN/NEK2/NUF2/WEE1/KANK2/SPC25/SPC24/ORC1/KNL1/WDR76/CDT1/BUB1/PLK1/AURKB/E2F8/NDC80/TICRR/PKMYT1/CHEK1/RAD51/CCNF/DNA2/BLM/EME1/ESPL1/TRIP13/SKA1/KAT2A/CDKN2B/FANCD2/CDCA8/H2AX/HASPIN/E2F7/CDC45/CTDSPL/RBL1/CDC6/DONSON/E2F1/SKA3/XRCC3/DTL/FBXO5/IER3/BMP4/FBXO43/GPER1",59
"GO:0044786","cell cycle DNA replication","23/949","46/18860",0.5,9.93677555321391,13.9685625317635,2.90101592977229e-18,7.2017720456597e-16,6.47384607486026e-16,"FGFR1/CDK1/TK1/MCM6/MCM4/POLA1/FEN1/MCM2/CDT1/GINS1/E2F8/RAD51/DNA2/BLM/LIG1/E2F7/CDC45/DONSON/PCNA/ATAD5/MCM3/FBXO5/CDC7",23
"GO:0051306","mitotic sister chromatid separation","26/949","64/18860",0.40625,8.0736301369863,13.0476451288034,1.21346297875229e-17,2.86897318547863e-15,2.57898898742341e-15,"CDC20/DLGAP5/BUB1B/TTK/CENPF/BIRC5/ZWINT/MAD2L1/NUF2/SPC25/SPC24/KNL1/BUB1/PLK1/AURKB/NDC80/ESPL1/TRIP13/UBE2C/SKA1/CDCA8/HASPIN/SKA3/XRCC3/FBXO5/NCAPH2",26
"GO:0010965","regulation of mitotic sister chromatid separation","25/949","61/18860",0.409836065573771,8.14489799443763,12.8654830207146,3.98793715677426e-17,9.00004908335645e-15,8.09036054771428e-15,"CDC20/DLGAP5/BUB1B/TTK/CENPF/BIRC5/ZWINT/MAD2L1/NUF2/SPC25/SPC24/KNL1/BUB1/PLK1/AURKB/NDC80/ESPL1/TRIP13/UBE2C/SKA1/CDCA8/HASPIN/SKA3/XRCC3/FBXO5",25
"GO:0045839","negative regulation of mitotic nuclear division","24/949","57/18860",0.421052631578947,8.36781099218013,12.8231537834158,8.03521716517672e-17,1.73455883587402e-14,1.55923664898624e-14,"CDC20/BUB1B/TTK/CENPF/BIRC5/ZWINT/MAD2L1/NUF2/SPC25/SPC24/KNL1/BUB1/PLK1/AURKB/NDC80/CHEK1/TRIP13/SKA1/CDCA8/HASPIN/SKA3/XRCC3/FBXO5/BMP4",24
"GO:0051784","negative regulation of nuclear division","25/949","64/18860",0.390625,7.76310590094837,12.4748684982399,1.57297261802372e-16,3.25408710353656e-14,2.92517714930726e-14,"CDC20/BUB1B/TTK/CENPF/BIRC5/ZWINT/MAD2L1/NUF2/SPC25/SPC24/KNL1/BUB1/PLK1/AURKB/NDC80/CHEK1/TRIP13/SKA1/CDCA8/HASPIN/SKA3/XRCC3/FBXO5/BMP4/FBXO43",25
"GO:0007091","metaphase/anaphase transition of mitotic cell cycle","30/949","96/18860",0.3125,6.21048472075869,11.7810378317483,2.04550693383754e-16,4.06237677060136e-14,3.65176816819839e-14,"CDC20/DLGAP5/BUB1B/TTK/CENPF/BIRC5/ZWINT/MAD2L1/NUF2/SPC25/SPC24/KNL1/BUB1/PLK1/CENPE/AURKB/NDC80/TACC3/PHF10/ESPL1/TRIP13/UBE2C/SKA1/CDCA8/HASPIN/BCL7A/CDC6/SKA3/XRCC3/FBXO5",30
"GO:0045930","negative regulation of mitotic cell cycle","48/949","244/18860",0.19672131147541,3.90955103733006,10.5295600872108,2.69203012101285e-16,5.14074213493415e-14,4.62113672594918e-14,"BCL2/FZD3/NHERF1/CDC20/BUB1B/TTK/CENPF/BRCA1/BIRC5/JADE1/CDK1/ZWINT/MAD2L1/CLSPN/NUF2/WEE1/KANK2/SPC25/SPC24/ORC1/KNL1/BUB1/PLK1/AURKB/NDC80/TICRR/PKMYT1/CHEK1/BLM/EME1/TRIP13/SKA1/CDKN2B/FANCD2/CDCA8/HASPIN/E2F7/CTDSPL/RBL1/CDC6/DONSON/SKA3/XRCC3/DTL/FBXO5/IER3/IL10/BMP4",48
"GO:1901988","negative regulation of cell cycle phase transition","51/949","274/18860",0.186131386861314,3.69909162929861,10.3593489624524,3.45964850777461e-16,6.36190920040776e-14,5.7188731668477e-14,"BCL2/CDC20/BUB1B/TTK/CENPF/BRCA1/BIRC5/JADE1/CDK1/ZWINT/MAD2L1/CLSPN/NUF2/WEE1/KANK2/SPC25/SPC24/ORC1/KNL1/WDR76/CDT1/BUB1/PLK1/AURKB/NDC80/TICRR/PKMYT1/CHEK1/RAD51/DNA2/BLM/EME1/TRIP13/SKA1/CDKN2B/FANCD2/CDCA8/H2AX/HASPIN/E2F7/CDC45/CTDSPL/RBL1/CDC6/DONSON/E2F1/SKA3/XRCC3/DTL/FBXO5/IER3",51
"GO:1901991","negative regulation of mitotic cell cycle phase transition","42/949","193/18860",0.217616580310881,4.32481423041434,10.686642839341,4.7535720723006e-16,7.30738075798902e-14,6.56878028597518e-14,"BCL2/CDC20/BUB1B/TTK/CENPF/BRCA1/BIRC5/JADE1/CDK1/ZWINT/MAD2L1/CLSPN/NUF2/WEE1/KANK2/SPC25/SPC24/ORC1/KNL1/BUB1/PLK1/AURKB/NDC80/TICRR/PKMYT1/CHEK1/BLM/TRIP13/SKA1/CDKN2B/CDCA8/HASPIN/E2F7/CTDSPL/RBL1/CDC6/DONSON/SKA3/XRCC3/DTL/FBXO5/IER3",42
"GO:0045786","negative regulation of cell cycle","63/949","399/18860",0.157894736842105,3.13792912206755,9.93538405027042,4.77697354616782e-16,7.30738075798902e-14,6.56878028597518e-14,"BCL2/FZD3/NHERF1/CDC20/BUB1B/TTK/CENPF/BRCA1/BIRC5/JADE1/CDK1/ZWINT/MAD2L1/CLSPN/NEK2/NUF2/WEE1/KANK2/SPC25/SPC24/ORC1/KNL1/WDR76/CDT1/BUB1/PLK1/AURKB/E2F8/NDC80/TICRR/PKMYT1/CHEK1/RAD51/CCNF/DNA2/BLM/EME1/ESPL1/TRIP13/SKA1/KAT2A/CDKN2B/FANCD2/CDCA8/H2AX/HASPIN/E2F7/CDC45/CTDSPL/RBL1/CDC6/DONSON/E2F1/SKA3/XRCC3/DTL/FBXO5/IER3/IL10/BMP4/HPGD/FBXO43/GPER1",63
"GO:0033046","negative regulation of sister chromatid segregation","22/949","50/18860",0.44,8.74436248682824,12.6214367869264,5.00029628340042e-16,7.30738075798902e-14,6.56878028597518e-14,"CDC20/BUB1B/TTK/CENPF/BIRC5/ZWINT/MAD2L1/NUF2/SPC25/SPC24/KNL1/BUB1/PLK1/AURKB/NDC80/TRIP13/SKA1/CDCA8/HASPIN/SKA3/XRCC3/FBXO5",22
"GO:0033048","negative regulation of mitotic sister chromatid segregation","22/949","50/18860",0.44,8.74436248682824,12.6214367869264,5.00029628340042e-16,7.30738075798902e-14,6.56878028597518e-14,"CDC20/BUB1B/TTK/CENPF/BIRC5/ZWINT/MAD2L1/NUF2/SPC25/SPC24/KNL1/BUB1/PLK1/AURKB/NDC80/TRIP13/SKA1/CDCA8/HASPIN/SKA3/XRCC3/FBXO5",22
"GO:0045841","negative regulation of mitotic metaphase/anaphase transition","22/949","50/18860",0.44,8.74436248682824,12.6214367869264,5.00029628340042e-16,7.30738075798902e-14,6.56878028597518e-14,"CDC20/BUB1B/TTK/CENPF/BIRC5/ZWINT/MAD2L1/NUF2/SPC25/SPC24/KNL1/BUB1/PLK1/AURKB/NDC80/TRIP13/SKA1/CDCA8/HASPIN/SKA3/XRCC3/FBXO5",22
"GO:2000816","negative regulation of mitotic sister chromatid separation","22/949","50/18860",0.44,8.74436248682824,12.6214367869264,5.00029628340042e-16,7.30738075798902e-14,6.56878028597518e-14,"CDC20/BUB1B/TTK/CENPF/BIRC5/ZWINT/MAD2L1/NUF2/SPC25/SPC24/KNL1/BUB1/PLK1/AURKB/NDC80/TRIP13/SKA1/CDCA8/HASPIN/SKA3/XRCC3/FBXO5",22
"GO:0030071","regulation of mitotic metaphase/anaphase transition","29/949","92/18860",0.315217391304348,6.26448893572181,11.6512803721536,5.00404724615562e-16,7.30738075798902e-14,6.56878028597518e-14,"CDC20/DLGAP5/BUB1B/TTK/CENPF/BIRC5/ZWINT/MAD2L1/NUF2/SPC25/SPC24/KNL1/BUB1/PLK1/CENPE/AURKB/NDC80/PHF10/ESPL1/TRIP13/UBE2C/SKA1/CDCA8/HASPIN/BCL7A/CDC6/SKA3/XRCC3/FBXO5",29
"GO:0044784","metaphase/anaphase transition of cell cycle","30/949","99/18860",0.303030303030303,6.02228821406904,11.5325078009236,5.29652247181444e-16,7.51349544930249e-14,6.75406173849421e-14,"CDC20/DLGAP5/BUB1B/TTK/CENPF/BIRC5/ZWINT/MAD2L1/NUF2/SPC25/SPC24/KNL1/BUB1/PLK1/CENPE/AURKB/NDC80/TACC3/PHF10/ESPL1/TRIP13/UBE2C/SKA1/CDCA8/HASPIN/BCL7A/CDC6/SKA3/XRCC3/FBXO5",30
"GO:0033045","regulation of sister chromatid segregation","31/949","107/18860",0.289719626168224,5.75775779718937,11.3603408316932,7.08600894478037e-16,9.77278733634293e-14,8.78499354557566e-14,"CDC20/DLGAP5/BUB1B/TTK/CENPF/BIRC5/CDK1/ZWINT/MAD2L1/NUF2/SPC25/SPC24/KNL1/BUB1/PLK1/CENPE/AURKB/NDC80/TACC3/PHF10/ESPL1/TRIP13/UBE2C/SKA1/CDCA8/HASPIN/BCL7A/CDC6/SKA3/XRCC3/FBXO5",31
"GO:0000075","cell cycle checkpoint signaling","41/949","187/18860",0.219251336898396,4.35730264900289,10.6202995730777,8.0765433111764e-16,1.07026963555745e-13,9.62091112474394e-14,"CDC20/BUB1B/TTK/CENPF/BRCA1/BIRC5/CDK1/ZWINT/MAD2L1/CLSPN/NUF2/SPC25/SPC24/ORC1/KNL1/WDR76/CDT1/BUB1/PLK1/AURKB/NDC80/TICRR/CHEK1/RAD51/DNA2/BLM/EME1/TRIP13/SKA1/FANCD2/CDCA8/H2AX/HASPIN/CDC45/CDC6/DONSON/E2F1/SKA3/XRCC3/DTL/IER3",41
"GO:1902850","microtubule cytoskeleton organization involved in mitosis","39/949","170/18860",0.229411764705882,4.55922643029815,10.7302032227397,8.19138895290698e-16,1.07026963555745e-13,9.62091112474394e-14,"TACC2/CDC20/DLGAP5/TTK/NUSAP1/BIRC5/KIF11/PRC1/CDK1/STMN1/GPSM2/MAD2L1/WDR62/NEK2/NUF2/KIF15/SPC25/UHRF1/PLK1/KIFC1/CENPE/AURKB/NDC80/TACC3/TPX2/KIF4A/MYBL2/RCC1/ESPL1/KIF23/CDCA8/RACGAP1/SPRY2/CENPH/SPICE1/CENPA/ENKD1/STIL/EFHC1",39
"GO:0033260","nuclear DNA replication","20/949","41/18860",0.48780487804878,9.69441517386723,12.828224493013,8.76761209450538e-16,1.11618446280049e-13,1.00336505480979e-13,"FGFR1/CDK1/TK1/MCM6/MCM4/POLA1/FEN1/MCM2/CDT1/GINS1/RAD51/DNA2/BLM/LIG1/CDC45/DONSON/PCNA/ATAD5/MCM3/CDC7",20
"GO:0033047","regulation of mitotic sister chromatid segregation","23/949","57/18860",0.403508771929825,8.01915220083929,12.2163378235536,1.10099835605344e-15,1.36661420945133e-13,1.22848237622805e-13,"CDC20/BUB1B/TTK/CENPF/BIRC5/CDK1/ZWINT/MAD2L1/NUF2/SPC25/SPC24/KNL1/BUB1/PLK1/AURKB/NDC80/TRIP13/SKA1/CDCA8/HASPIN/SKA3/XRCC3/FBXO5",23
"GO:0033044","regulation of chromosome organization","47/949","244/18860",0.192622950819672,3.82810205738569,10.2347991713984,1.2970616735762e-15,1.54773932929938e-13,1.39130010202563e-13,"TAL1/PKIB/CDC20/DLGAP5/NCAPD2/BUB1B/TTK/CENPF/BIRC5/NCAPH/CDK1/ZWINT/MAD2L1/FEN1/NCAPG2/NEK2/NUF2/NCAPG/SPC25/SPC24/KNL1/LMNA/BUB1/NCAPD3/PLK1/CENPE/SMC2/AURKB/NDC80/TACC3/PHF10/ESPL1/TRIP13/SLF1/UBE2C/SKA1/SMC4/CDCA8/HASPIN/BCL7A/CDC6/SKA3/XRCC3/FBXO5/NCAPH2/PIF1/DDX11",47
"GO:1902099","regulation of metaphase/anaphase transition of cell cycle","29/949","95/18860",0.305263157894737,6.0666629693306,11.3957274596573,1.30926589789676e-15,1.54773932929938e-13,1.39130010202563e-13,"CDC20/DLGAP5/BUB1B/TTK/CENPF/BIRC5/ZWINT/MAD2L1/NUF2/SPC25/SPC24/KNL1/BUB1/PLK1/CENPE/AURKB/NDC80/PHF10/ESPL1/TRIP13/UBE2C/SKA1/CDCA8/HASPIN/BCL7A/CDC6/SKA3/XRCC3/FBXO5",29
"GO:1902100","negative regulation of metaphase/anaphase transition of cell cycle","22/949","52/18860",0.423076923076923,8.40804085271946,12.3130672639254,1.3843037040702e-15,1.56206088425194e-13,1.4041740921669e-13,"CDC20/BUB1B/TTK/CENPF/BIRC5/ZWINT/MAD2L1/NUF2/SPC25/SPC24/KNL1/BUB1/PLK1/AURKB/NDC80/TRIP13/SKA1/CDCA8/HASPIN/SKA3/XRCC3/FBXO5",22
"GO:1905819","negative regulation of chromosome separation","22/949","52/18860",0.423076923076923,8.40804085271946,12.3130672639254,1.3843037040702e-15,1.56206088425194e-13,1.4041740921669e-13,"CDC20/BUB1B/TTK/CENPF/BIRC5/ZWINT/MAD2L1/NUF2/SPC25/SPC24/KNL1/BUB1/PLK1/AURKB/NDC80/TRIP13/SKA1/CDCA8/HASPIN/SKA3/XRCC3/FBXO5",22
"GO:1903046","meiotic cell cycle process","45/949","227/18860",0.198237885462555,3.93969074797027,10.2566539172526,1.72856724562914e-15,1.90718586101082e-13,1.71441523309183e-13,"TOP2A/CCNB2/CDC20/NCAPD2/MEIKIN/TTK/ASPM/NCAPH/ZWINT/CCNE2/CDC25A/NUF2/RAD54L/KNL1/NCAPD3/PLK1/SMC2/NDC80/PKMYT1/RAD51/CENPS/PDE3A/EME1/CDC25C/ESPL1/TRIP13/SKA1/FANCD2/SMC4/GPR3/MND1/FANCA/RAD51AP1/SGO1/MYBL1/SKA3/RAD54B/PSMC3IP/FBXO5/NCAPH2/BRME1/CCNE1/DMC1/FBXO43/SYCE2",45
"GO:0051985","negative regulation of chromosome segregation","22/949","53/18860",0.415094339622642,8.24939857247947,12.1650155946102,2.25547487965738e-15,2.43444190815193e-13,2.18837837293988e-13,"CDC20/BUB1B/TTK/CENPF/BIRC5/ZWINT/MAD2L1/NUF2/SPC25/SPC24/KNL1/BUB1/PLK1/AURKB/NDC80/TRIP13/SKA1/CDCA8/HASPIN/SKA3/XRCC3/FBXO5",22
"GO:0007094","mitotic spindle assembly checkpoint signaling","21/949","48/18860",0.4375,8.69467860906217,12.2864420931644,2.68227619951483e-15,2.71785741440635e-13,2.44314738688354e-13,"CDC20/BUB1B/TTK/CENPF/BIRC5/ZWINT/MAD2L1/NUF2/SPC25/SPC24/KNL1/BUB1/PLK1/AURKB/NDC80/TRIP13/SKA1/CDCA8/HASPIN/SKA3/XRCC3",21
"GO:0071173","spindle assembly checkpoint signaling","21/949","48/18860",0.4375,8.69467860906217,12.2864420931644,2.68227619951483e-15,2.71785741440635e-13,2.44314738688354e-13,"CDC20/BUB1B/TTK/CENPF/BIRC5/ZWINT/MAD2L1/NUF2/SPC25/SPC24/KNL1/BUB1/PLK1/AURKB/NDC80/TRIP13/SKA1/CDCA8/HASPIN/SKA3/XRCC3",21
"GO:0071174","mitotic spindle checkpoint signaling","21/949","48/18860",0.4375,8.69467860906217,12.2864420931644,2.68227619951483e-15,2.71785741440635e-13,2.44314738688354e-13,"CDC20/BUB1B/TTK/CENPF/BIRC5/ZWINT/MAD2L1/NUF2/SPC25/SPC24/KNL1/BUB1/PLK1/AURKB/NDC80/TRIP13/SKA1/CDCA8/HASPIN/SKA3/XRCC3",21
"GO:0051321","meiotic cell cycle","52/949","299/18860",0.173913043478261,3.45626975763962,9.85470185001424,3.32664857704489e-15,3.30336203700558e-13,2.9694715719306e-13,"TOP2A/CCNB2/CDC20/NCAPD2/MEIKIN/TTK/ASPM/NCAPH/EXO1/ZWINT/CCNE2/CDC25A/NEK2/NUF2/RAD54L/KNL1/NCAPD3/PLK1/SMC2/XRCC2/NDC80/PKMYT1/RAD51/CENPS/PDE3A/SGO2/EME1/CDC25C/ESPL1/TRIP13/SKA1/FANCD2/SMC4/H2AX/GPR3/MND1/FANCA/RAD51AP1/SGO1/MYBL1/SKA3/RAD54B/INSR/PSMC3IP/FBXO5/NCAPH2/MNS1/BRME1/CCNE1/DMC1/FBXO43/SYCE2",52
"GO:0007093","mitotic cell cycle checkpoint signaling","34/949","136/18860",0.25,4.96838777660695,10.690961380782,3.79117020536666e-15,3.69081569993049e-13,3.31776298673987e-13,"CDC20/BUB1B/TTK/CENPF/BRCA1/BIRC5/CDK1/ZWINT/MAD2L1/CLSPN/NUF2/SPC25/SPC24/ORC1/KNL1/BUB1/PLK1/AURKB/NDC80/TICRR/CHEK1/BLM/EME1/TRIP13/SKA1/FANCD2/CDCA8/HASPIN/CDC6/DONSON/SKA3/XRCC3/DTL/IER3",34
"GO:0031577","spindle checkpoint signaling","21/949","49/18860",0.428571428571429,8.51723618846906,12.1278219845204,4.47361152201296e-15,4.2714386936143e-13,3.83969895816497e-13,"CDC20/BUB1B/TTK/CENPF/BIRC5/ZWINT/MAD2L1/NUF2/SPC25/SPC24/KNL1/BUB1/PLK1/AURKB/NDC80/TRIP13/SKA1/CDCA8/HASPIN/SKA3/XRCC3",21
"GO:1905820","positive regulation of chromosome separation","17/949","33/18860",0.515151515151515,10.2378899639174,12.2256430904326,4.02428370967115e-14,3.76991860726741e-12,3.38887049235465e-12,"CDC20/DLGAP5/NCAPD2/BIRC5/NCAPH/NCAPG2/NCAPG/NCAPD3/SMC2/AURKB/ESPL1/UBE2C/SKA1/SMC4/CDCA8/SKA3/NCAPH2",17
"GO:0007051","spindle organization","41/949","209/18860",0.196172248803828,3.89863921226574,9.69948698220947,4.55403231702456e-14,4.18717971370869e-12,3.76395653492868e-12,"TACC2/CCNB2/CDC20/DLGAP5/TTK/ASPM/BIRC5/SPAG5/KIF11/PRC1/STMN1/GPSM2/WDR62/NEK2/NUF2/KIF15/SPC25/UHRF1/PLK1/KIFC1/CENPE/AURKB/NDC80/TACC3/TPX2/KIF4A/MYBL2/RCC1/ESPL1/SKA1/KIF23/CDCA8/RACGAP1/SKA3/CENPH/AUNIP/SPICE1/FBXO5/STIL/EFHC1/CEP72",41
"GO:0140013","meiotic nuclear division","40/949","203/18860",0.197044334975369,3.91597066136509,9.61485596720778,7.98449009768394e-14,7.20781697000014e-12,6.47928000271386e-12,"TOP2A/CCNB2/CDC20/MEIKIN/TTK/ASPM/NCAPH/ZWINT/CCNE2/NUF2/RAD54L/KNL1/PLK1/SMC2/NDC80/RAD51/CENPS/PDE3A/EME1/ESPL1/TRIP13/SKA1/FANCD2/SMC4/GPR3/MND1/FANCA/RAD51AP1/SGO1/MYBL1/SKA3/RAD54B/PSMC3IP/FBXO5/NCAPH2/BRME1/CCNE1/DMC1/FBXO43/SYCE2",40
"GO:0051310","metaphase chromosome alignment","28/949","104/18860",0.269230769230769,5.35057145173057,10.240599528483,1.37971998110543e-13,1.22326959039079e-11,1.09962645110658e-11,"TTK/CENPF/BIRC5/SPAG5/KIF14/CDK1/ZWINT/NEK2/NUF2/SPC25/SPC24/KNL1/CDT1/KIFC1/CENPE/AURKB/NDC80/SKA1/CDCA8/KIF2C/RACGAP1/DSN1/SGO1/SKA3/SPICE1/KIF22/FAM83D/CENPQ",28
"GO:0007052","mitotic spindle organization","32/949","137/18860",0.233576642335766,4.64199733872767,9.84792445891331,1.8912413670529e-13,1.6473707697224e-11,1.48086119968685e-11,"TACC2/CDC20/DLGAP5/TTK/BIRC5/KIF11/PRC1/STMN1/GPSM2/WDR62/NEK2/NUF2/KIF15/SPC25/UHRF1/PLK1/KIFC1/CENPE/AURKB/NDC80/TACC3/TPX2/KIF4A/MYBL2/RCC1/KIF23/CDCA8/RACGAP1/CENPH/SPICE1/STIL/EFHC1",32
"GO:0050000","chromosome localization","30/949","124/18860",0.241935483870968,4.80811720316802,9.79298816215015,4.01613441678943e-13,3.43794954816543e-11,3.09045552217553e-11,"DLGAP5/TTK/CENPF/BIRC5/SPAG5/KIF14/CDK1/ZWINT/NEK2/NUF2/SPC25/SPC24/KNL1/LMNA/CDT1/KIFC1/CENPE/AURKB/NDC80/SKA1/CDCA8/KIF2C/RACGAP1/DSN1/SGO1/SKA3/SPICE1/KIF22/FAM83D/CENPQ",30
"GO:0006310","DNA recombination","54/949","358/18860",0.150837988826816,2.99768647974051,8.78399388706599,4.22456487723838e-13,3.55507874838789e-11,3.19574577689398e-11,"CD28/TOP2A/HMGB3/MCM5/RECQL4/BRCA1/EXO1/MCM6/MCM4/HELLS/GINS2/FEN1/MCM7/GINS4/RAD54L/USP51/MCM2/PARPBP/UHRF1/MMS22L/PLK1/XRCC2/MCM8/UNG/CHEK1/RAD51/CENPS/BLM/POLQ/LIG1/TONSL/EME1/TRIP13/SLF1/HMGB2/FANCD2/H2AX/MND1/CDC45/RAD51AP1/AUNIP/RAD54B/XRCC3/FANCB/ATAD5/MCM3/PSMC3IP/ZGRF1/PIF1/BRME1/DMC1/IL10/CDC7/IL7R",54
"GO:0045132","meiotic chromosome segregation","26/949","97/18860",0.268041237113402,5.32693122440333,9.83438575665173,1.15003140715311e-12,9.51650989419198e-11,8.5546195900512e-11,"CCNB2/MEIKIN/TTK/ASPM/NCAPH/ZWINT/CCNE2/NUF2/KNL1/PLK1/SMC2/NDC80/ESPL1/TRIP13/SKA1/FANCD2/SMC4/MND1/SGO1/SKA3/PSMC3IP/FBXO5/NCAPH2/CCNE1/DMC1/SYCE2",26
"GO:1902969","mitotic DNA replication","12/949","17/18860",0.705882352941177,14.028389016302,12.3700847161882,1.20637321393809e-12,9.81908689705343e-11,8.82661333407676e-11,"FGFR1/CDK1/TK1/MCM6/MCM4/POLA1/MCM2/GINS1/RAD51/LIG1/CDC45/MCM3",12
"GO:0051984","positive regulation of chromosome segregation","15/949","30/18860",0.5,9.93677555321391,11.2758382576962,2.29628309874142e-12,1.8388783202018e-10,1.65301194204816e-10,"NCAPD2/BIRC5/NCAPH/CDK1/NCAPG2/NCAPG/NCAPD3/SMC2/AURKB/SKA1/SMC4/CDCA8/CDC6/SKA3/NCAPH2",15
"GO:0006302","double-strand break repair","50/949","334/18860",0.149700598802395,2.97508250096225,8.38301347563225,4.22896207801094e-12,3.33282487576577e-10,2.99595642619322e-10,"MCM5/RECQL4/BRCA1/ESCO2/MCM6/MCM4/HELLS/GINS2/POLA1/PARP2/FEN1/MCM7/GINS4/RAD54L/USP51/MCM2/PARPBP/UHRF1/MMS22L/PLK1/XRCC2/MCM8/CHEK1/RAD51/PHF10/DNA2/BLM/POLQ/TONSL/EME1/TRIP13/SLF1/FOXM1/HMGB2/FANCD2/H2AX/CDC45/BCL7A/RAD51AP1/AUNIP/RAD54B/XRCC3/FANCB/MCM3/ZGRF1/CDCA5/DDX11/BRME1/DMC1/CDC7",50
"GO:0006271","DNA strand elongation involved in DNA replication","11/949","15/18860",0.733333333333333,14.5739374780471,12.1055889349463,5.61090100879738e-12,4.35283179823109e-10,3.91286517718765e-10,"MCM4/POLA1/MCM7/POLE/RFC4/GINS1/DNA2/LIG1/RFC3/PCNA/MCM3",11
"GO:0000727","double-strand break repair via break-induced replication","10/949","12/18860",0.833333333333333,16.5612925886898,12.4118401727391,5.98297172337986e-12,4.570069939474e-10,4.10814576633694e-10,"MCM5/MCM6/MCM4/GINS2/MCM7/GINS4/MCM2/CDC45/MCM3/CDC7",10
"GO:0006270","DNA replication initiation","16/949","37/18860",0.432432432432432,8.59396804602284,10.6428447203776,7.08362618433466e-12,5.32881878866994e-10,4.79020335272392e-10,"MCM5/MCM6/MCM4/CCNE2/POLA1/MCM7/MCM2/ORC1/CDT1/TICRR/ORC6/CDC45/MCM10/CDC6/MCM3/CCNE1",16
"GO:0008608","attachment of spindle microtubules to kinetochore","19/949","55/18860",0.345454545454545,6.8654085640387,10.0271027285211,9.03994907097185e-12,6.69900703542914e-10,6.02189851703388e-10,"BIRC5/SPAG5/CDK1/NEK2/NUF2/SPC25/SPC24/KNL1/CDT1/CENPE/AURKB/NDC80/SKA1/CDCA8/KIF2C/RACGAP1/DSN1/SGO1/SKA3",19
"GO:0000725","recombinational repair","36/949","201/18860",0.17910447761194,3.55944198921095,8.39714507492441,2.58887321134735e-11,1.89025816093229e-09,1.69919851642612e-09,"MCM5/RECQL4/BRCA1/MCM6/MCM4/HELLS/GINS2/FEN1/MCM7/GINS4/RAD54L/USP51/MCM2/PARPBP/UHRF1/MMS22L/PLK1/XRCC2/MCM8/CHEK1/RAD51/BLM/POLQ/TONSL/SLF1/H2AX/CDC45/RAD51AP1/AUNIP/RAD54B/XRCC3/FANCB/MCM3/ZGRF1/DMC1/CDC7",36
"GO:0000724","double-strand break repair via homologous recombination","35/949","195/18860",0.179487179487179,3.56704763448704,8.29410932749944,4.59676571829035e-11,3.30767272337849e-09,2.97334655157149e-09,"MCM5/RECQL4/BRCA1/MCM6/MCM4/HELLS/GINS2/FEN1/MCM7/GINS4/RAD54L/USP51/MCM2/PARPBP/UHRF1/MMS22L/PLK1/XRCC2/MCM8/CHEK1/RAD51/BLM/POLQ/TONSL/SLF1/H2AX/CDC45/RAD51AP1/AUNIP/RAD54B/XRCC3/FANCB/MCM3/DMC1/CDC7",35
"GO:2001251","negative regulation of chromosome organization","24/949","97/18860",0.247422680412371,4.91716728406461,8.90306134924512,5.38934923831053e-11,3.82258842403025e-09,3.43621665720852e-09,"CDC20/BUB1B/TTK/CENPF/BIRC5/ZWINT/MAD2L1/NUF2/SPC25/SPC24/KNL1/BUB1/PLK1/AURKB/NDC80/ESPL1/TRIP13/SKA1/CDCA8/HASPIN/SKA3/XRCC3/FBXO5/PIF1",24
"GO:0061982","meiosis I cell cycle process","29/949","142/18860",0.204225352112676,4.05868297243948,8.4213445353725,8.60113141865002e-11,6.01473485825315e-09,5.40678980208689e-09,"TOP2A/CCNB2/CDC20/MEIKIN/ZWINT/CCNE2/CDC25A/RAD54L/KNL1/PLK1/NDC80/PKMYT1/RAD51/CENPS/EME1/CDC25C/ESPL1/TRIP13/FANCD2/MND1/RAD51AP1/MYBL1/RAD54B/PSMC3IP/FBXO5/BRME1/CCNE1/DMC1/SYCE2",29
"GO:0044839","cell cycle G2/M phase transition","31/949","162/18860",0.191358024691358,3.80296348332878,8.24726385029058,1.10671703085457e-10,7.63173619193464e-09,6.8603511854143e-09,"CCNB2/CDC20/CCNA2/CENPF/BRCA1/BIRC5/KIF14/CDK1/CDC25A/CLSPN/WEE1/ORC1/PLK1/AURKB/NDC80/TICRR/PKMYT1/CHEK1/BLM/CDC25C/RRM1/FOXM1/CDC6/DONSON/ATAD5/DTL/FBXO5/NES/IER3/NEK10/CDC7",31
"GO:0051225","spindle assembly","27/949","137/18860",0.197080291970803,3.91668525455147,7.88668782149185,8.85472980285495e-10,6.02242924262669e-08,5.41370646922927e-08,"CCNB2/CDC20/ASPM/BIRC5/SPAG5/KIF11/PRC1/GPSM2/NEK2/KIF15/UHRF1/PLK1/KIFC1/AURKB/NDC80/TPX2/KIF4A/MYBL2/RCC1/SKA1/KIF23/CDCA8/RACGAP1/SKA3/SPICE1/FBXO5/STIL",27
"GO:0045931","positive regulation of mitotic cell cycle","27/949","138/18860",0.195652173913043,3.88830347734457,7.83860473268288,1.04903828176635e-09,7.03847982293231e-08,6.32705876911708e-08,"PRKCA/TAL1/CDC20/DLGAP5/FGFR1/BIRC5/LSM11/CDK1/CCNE2/CDC25A/WEE1/CHEK1/SHB/CDC25C/RRM1/ESPL1/UBE2C/SKA1/RRM2/CDC6/SKA3/DTL/FBXO5/STIL/CCNE1/CDC7/USP2",27
"GO:0006275","regulation of DNA replication","25/949","120/18860",0.208333333333333,4.14032314717246,7.94351444528864,1.10065360219558e-09,7.28632684653471e-08,6.54985441867964e-08,"CCNA2/MCM5/FGFR1/ESCO2/JADE1/CDK1/MCM6/MCM4/CDC25A/MCM7/WEE1/DSCC1/MCM2/CDT1/E2F8/TICRR/DNA2/E2F7/CDC6/PCNA/ATAD5/MCM3/FBXO5/ID3/CDC7",25
"GO:0000086","G2/M transition of mitotic cell cycle","27/949","145/18860",0.186206896551724,3.70059227499001,7.51416324642383,3.27739720188266e-09,2.14108909307202e-07,1.92467647312776e-07,"CDC20/CCNA2/CENPF/BRCA1/BIRC5/KIF14/CDK1/CDC25A/CLSPN/WEE1/ORC1/PLK1/AURKB/TICRR/PKMYT1/CHEK1/BLM/CDC25C/RRM1/FOXM1/CDC6/DONSON/DTL/FBXO5/NES/IER3/CDC7",27
"GO:1902749","regulation of cell cycle G2/M phase transition","24/949","122/18860",0.19672131147541,3.90955103733006,7.4212454769943,7.88004183531314e-09,5.08109191069218e-07,4.56751570495253e-07,"CENPF/BRCA1/KIF14/CDK1/CDC25A/CLSPN/WEE1/ORC1/PLK1/AURKB/TICRR/PKMYT1/CHEK1/BLM/CDC25C/RRM1/CDC6/DONSON/ATAD5/DTL/FBXO5/IER3/NEK10/CDC7",24
"GO:0007127","meiosis I","25/949","132/18860",0.189393939393939,3.76393013379315,7.33501228567984,8.69735835492921e-09,5.53620310669533e-07,4.97662610322535e-07,"TOP2A/CCNB2/MEIKIN/ZWINT/CCNE2/RAD54L/KNL1/PLK1/NDC80/RAD51/CENPS/EME1/ESPL1/TRIP13/FANCD2/MND1/RAD51AP1/MYBL1/RAD54B/PSMC3IP/FBXO5/BRME1/CCNE1/DMC1/SYCE2",25
"GO:1901992","positive regulation of mitotic cell cycle phase transition","22/949","105/18860",0.20952380952381,4.16398213658488,7.48346372261567,9.76980371045763e-09,6.14013612942052e-07,5.51951602029851e-07,"CDC20/DLGAP5/BIRC5/LSM11/CDK1/CCNE2/CDC25A/WEE1/CHEK1/CDC25C/RRM1/ESPL1/UBE2C/SKA1/RRM2/CDC6/SKA3/DTL/FBXO5/STIL/CCNE1/CDC7",22
"GO:0051052","regulation of DNA metabolic process","56/949","497/18860",0.112676056338028,2.23927336410454,6.44474906565202,1.38479922428012e-08,8.59441018568853e-07,7.72572198808912e-07,"CD28/PKIB/CCNA2/MCM5/BRCA1/FGFR1/ESCO2/JADE1/CDK1/MCM6/MCM4/CDC25A/MCM7/NEK2/WEE1/DSCC1/USP51/MCM2/PARPBP/LMNA/CDT1/RFC4/PLK1/AURKB/E2F8/TICRR/CHEK1/RAD51/PHF10/RFC5/DNA2/BLM/CHTF18/POLQ/SLF1/KAT2A/RFC3/FOXM1/H2AX/E2F7/BCL7A/CDC6/RAD51AP1/AUNIP/PCNA/FANCB/ATAD5/MCM3/FBXO5/ID3/PIF1/DDX11/IER3/IL10/CDC7/IL7R",56
"GO:0140694","membraneless organelle assembly","52/949","446/18860",0.116591928251121,2.31709564469562,6.47952534734105,1.47557862997192e-08,9.04475049112416e-07,8.13054371810387e-07,"MYOZ2/FSCN1/SQLE/SYT1/CCNB2/CDC20/DLGAP5/ASPM/CENPF/BRCA1/BIRC5/SPAG5/KIF11/PRC1/ANLN/GPSM2/WDR62/NEK2/KIF15/UHRF1/PLK1/KIFC1/CENPE/AURKB/NDC80/TPX2/CENPK/KIF4A/MYBL2/PLK4/RCC1/SKA1/KAT2A/ANKRD23/KIF23/RTTN/CDCA8/CCDC15/RACGAP1/SKA3/CENPH/SPICE1/DIAPH3/MYOM1/CENPA/FBXO5/STIL/KIF9/MYOM3/LMOD1/WDR90/CEP72",52
"GO:1901989","positive regulation of cell cycle phase transition","24/949","126/18860",0.19047619047619,3.78543830598625,7.22097893298982,1.53136996925333e-08,9.27225841139364e-07,8.33505605858038e-07,"CDC20/DLGAP5/BIRC5/LSM11/CDK1/CCNE2/CDC25A/WEE1/CHEK1/CDC25C/RRM1/ESPL1/UBE2C/SKA1/RRM2/CDC6/SKA3/ATAD5/DTL/FBXO5/STIL/CCNE1/FAM83D/CDC7",24
"GO:0045005","DNA-templated DNA replication maintenance of fidelity","17/949","66/18860",0.257575757575758,5.11894498195868,7.71579831546939,1.80032373195202e-08,1.07694064206527e-06,9.68087840643823e-07,"BRCA1/EXO1/CDK1/POLE/MMS22L/MCM8/RAD51/CENPS/DNA2/BLM/POLQ/TONSL/EME1/DONSON/PCNA/TRAIP/DDX11",17
"GO:0051315","attachment of mitotic spindle microtubules to kinetochore","11/949","26/18860",0.423076923076923,8.40804085271946,8.70064159444108,1.90292195228728e-08,1.12476279679837e-06,1.01107632552607e-06,"BIRC5/CDK1/NUF2/CDT1/CENPE/AURKB/NDC80/SKA1/CDCA8/KIF2C/SKA3",11
"GO:0010389","regulation of G2/M transition of mitotic cell cycle","22/949","109/18860",0.201834862385321,4.0111754526735,7.25720870691839,2.01556922738579e-08,1.17732955458476e-06,1.05832984818771e-06,"CENPF/BRCA1/KIF14/CDK1/CDC25A/CLSPN/WEE1/ORC1/PLK1/AURKB/TICRR/PKMYT1/CHEK1/BLM/CDC25C/RRM1/CDC6/DONSON/DTL/FBXO5/IER3/CDC7",22
"GO:0051383","kinetochore organization","10/949","21/18860",0.476190476190476,9.46359576496563,8.93239986678815,2.10889012373821e-08,1.21751621678607e-06,1.09445460522032e-06,"DLGAP5/CENPF/NUF2/CENPE/SMC2/NDC80/CENPK/SMC4/CENPH/CENPA",10
"GO:0090307","mitotic spindle assembly","18/949","76/18860",0.236842105263158,4.70689368310132,7.45341676923766,2.87025265261319e-08,1.63802349657753e-06,1.47245871108045e-06,"CDC20/BIRC5/KIF11/PRC1/NEK2/KIF15/UHRF1/PLK1/KIFC1/AURKB/TPX2/KIF4A/MYBL2/RCC1/KIF23/CDCA8/RACGAP1/SPICE1",18
"GO:0044771","meiotic cell cycle phase transition","9/949","17/18860",0.529411764705882,10.5212917622265,9.04019564958594,3.35991357764142e-08,1.89567851283973e-06,1.70407100110043e-06,"CCNB2/CDC20/TTK/ZWINT/CDC25A/KNL1/NDC80/PKMYT1/CDC25C",9
"GO:0007062","sister chromatid cohesion","16/949","63/18860",0.253968253968254,5.04725107464833,7.40659624410088,5.8627496922728e-08,3.27062384518365e-06,2.94004242403745e-06,"CDC20/BUB1B/MEIKIN/ESCO2/FEN1/DSCC1/BUB1/PLK1/SGO2/ESPL1/SLF1/HASPIN/SGO1/KIF22/CDCA5/DDX11",16
"GO:0007076","mitotic chromosome condensation","9/949","18/18860",0.5,9.93677555321391,8.73144500871731,6.41931159089011e-08,3.54132022764104e-06,3.18337791173966e-06,"NCAPD2/NUSAP1/NCAPH/NCAPG/NCAPD3/PLK1/SMC2/SMC4/NCAPH2",9
"GO:0051302","regulation of cell division","29/949","190/18860",0.152631578947368,3.0333314846653,6.48403494053639,8.95865930322893e-08,4.88078155235634e-06,4.3874519069255e-06,"LBH/OSM/TAL1/KIF20A/ASPM/BIRC5/PRC1/KIF14/PLK1/CIT/KIF18B/AURKB/E2F8/PDGFC/BLM/DLL1/KAT2A/KIF23/CDCA8/E2F7/CDC6/KIF20B/RACGAP1/CAT/EFHC1/HTR2B/SOX17/PPBP/KLHL13",29
"GO:0051231","spindle elongation","8/949","14/18860",0.571428571428571,11.3563149179588,8.9226157804044,9.1422494334167e-08,4.88078155235634e-06,4.3874519069255e-06,"BIRC5/KIF11/PRC1/AURKB/KIF4A/KIF23/CDCA8/RACGAP1",8
"GO:0060623","regulation of chromosome condensation","8/949","14/18860",0.571428571428571,11.3563149179588,8.9226157804044,9.1422494334167e-08,4.88078155235634e-06,4.3874519069255e-06,"NCAPD2/NCAPH/NCAPG2/NCAPG/NCAPD3/SMC2/SMC4/NCAPH2",8
"GO:0090231","regulation of spindle checkpoint","10/949","24/18860",0.416666666666667,8.28064629434492,8.21511660795047,1.02106133159278e-07,5.39315905463633e-06,4.84804036500939e-06,"BIRC5/ZWINT/MAD2L1/KNL1/AURKB/NDC80/SKA1/CDCA8/SKA3/XRCC3",10
"GO:0007143","female meiotic nuclear division","13/949","43/18860",0.302325581395349,6.00828289264097,7.56798751374086,1.09240096536074e-07,5.59151628145989e-06,5.02634844615253e-06,"TOP2A/CCNB2/MEIKIN/TTK/NCAPH/PLK1/NDC80/TRIP13/SKA1/SKA3/FBXO5/NCAPH2/BRME1",13
"GO:0036297","interstrand cross-link repair","13/949","43/18860",0.302325581395349,6.00828289264097,7.56798751374086,1.09240096536074e-07,5.59151628145989e-06,5.02634844615253e-06,"FANCE/FIRRM/MCM8/RAD51/FANCI/CENPS/FANCG/FANCD2/NEIL3/FANCA/RAD51AP1/XRCC3/FANCB",13
"GO:0090329","regulation of DNA-templated DNA replication","13/949","43/18860",0.302325581395349,6.00828289264097,7.56798751374086,1.09240096536074e-07,5.59151628145989e-06,5.02634844615253e-06,"MCM5/FGFR1/MCM6/MCM4/MCM7/MCM2/CDT1/E2F8/TICRR/E2F7/MCM3/FBXO5/CDC7",13
"GO:0031297","replication fork processing","15/949","59/18860",0.254237288135593,5.05259773892233,7.17631590677888,1.49577669666151e-07,7.57809316216776e-06,6.81213017598798e-06,"BRCA1/EXO1/CDK1/MMS22L/RAD51/CENPS/DNA2/BLM/POLQ/TONSL/EME1/DONSON/PCNA/TRAIP/DDX11",15
"GO:0051256","mitotic spindle midzone assembly","7/949","11/18860",0.636363636363636,12.646805249545,8.89388518027975,2.20728717341744e-07,1.1069879612139e-05,9.9509809838277e-06,"BIRC5/PRC1/AURKB/KIF4A/KIF23/CDCA8/RACGAP1",7
"GO:0010639","negative regulation of organelle organization","43/949","367/18860",0.11716621253406,2.32850871274222,5.91597423357865,2.29276264034164e-07,1.13835665092962e-05,1.02329616789985e-05,"S1PR1/ARHGAP6/CDH5/CDC20/BUB1B/TTK/CENPF/BRCA1/BIRC5/STMN1/ZWINT/MAD2L1/NUF2/KANK2/SPC25/SPC24/KNL1/LMNA/BUB1/PLK1/AURKB/NDC80/TPX2/CHEK1/FZD9/CCNF/ESPL1/TRIP13/SKA1/KAT2A/CDCA8/HASPIN/SKA3/DIAPH3/XRCC3/FBXO5/KIF24/PIF1/IER3/LMOD1/BMP4/FBXO43/FEZ1",43
"GO:0030261","chromosome condensation","13/949","46/18860",0.282608695652174,5.61643835616438,7.2156906557783,2.64058222836061e-07,1.29806839245648e-05,1.16686489299104e-05,"TOP2A/NCAPD2/NUSAP1/NCAPH/CDK1/NCAPG2/NCAPG/NCAPD3/PLK1/SMC2/SMC4/NCAPH2/GPER1",13
"GO:0030174","regulation of DNA-templated DNA replication initiation","8/949","16/18860",0.5,9.93677555321391,8.23164843425094,3.57931279848933e-07,1.7422831416176e-05,1.56618021316767e-05,"MCM5/MCM6/MCM4/MCM7/MCM2/CDT1/TICRR/MCM3",8
"GO:0007080","mitotic metaphase chromosome alignment","15/949","63/18860",0.238095238095238,4.73179788248281,6.82930702107293,3.79103861646755e-07,1.827427837938e-05,1.64271882818829e-05,"TTK/BIRC5/KIF14/CDK1/NUF2/CDT1/KIFC1/CENPE/AURKB/NDC80/SKA1/CDCA8/KIF2C/SKA3/KIF22",15
"GO:1901976","regulation of cell cycle checkpoint","13/949","48/18860",0.270833333333333,5.3824200913242,6.99760879116662,4.55825044654244e-07,2.17612629491185e-05,1.95617225641093e-05,"BRCA1/BIRC5/ZWINT/MAD2L1/KNL1/WDR76/AURKB/NDC80/RAD51/SKA1/CDCA8/SKA3/XRCC3",13
"GO:0000022","mitotic spindle elongation","7/949","12/18860",0.583333333333333,11.5929048120829,8.44900516735807,5.06652091576714e-07,2.37313927799848e-05,2.13327196453353e-05,"BIRC5/PRC1/AURKB/KIF4A/KIF23/CDCA8/RACGAP1",7
"GO:0090232","positive regulation of spindle checkpoint","7/949","12/18860",0.583333333333333,11.5929048120829,8.44900516735807,5.06652091576714e-07,2.37313927799848e-05,2.13327196453353e-05,"BIRC5/MAD2L1/KNL1/AURKB/NDC80/CDCA8/XRCC3",7
"GO:1901970","positive regulation of mitotic sister chromatid separation","9/949","22/18860",0.409090909090909,8.1300890889932,7.70231755493585,5.47030667773325e-07,2.53832454719118e-05,2.28176097526699e-05,"CDC20/DLGAP5/BIRC5/AURKB/ESPL1/UBE2C/SKA1/CDCA8/SKA3",9
"GO:0070192","chromosome organization involved in meiotic cell cycle","15/949","66/18860",0.227272727272727,4.51671616055178,6.58767542329887,7.23092052681783e-07,3.32421485330097e-05,2.98821666995201e-05,"NCAPD2/NCAPH/CCNE2/NCAPD3/SMC2/RAD51/TRIP13/FANCD2/SMC4/MND1/PSMC3IP/NCAPH2/CCNE1/DMC1/SYCE2",15
"GO:0000082","G1/S transition of mitotic cell cycle","32/949","246/18860",0.130081300813008,2.58517737969793,5.76047219468007,8.27666258178558e-07,3.77005777234545e-05,3.38899559118985e-05,"APPL2/CDKN2C/BCL2/IQGAP3/CCNB2/CCNA2/LSM11/KIF14/JADE1/CDK1/CCNE2/CDC25A/POLE/WEE1/KANK2/CCNF/PHF10/RCC1/RRM1/CDKN2B/E2F7/CTDSPL/BCL7A/RBL1/RRM2/CDC6/E2F1/CDKN3/STIL/CCNE1/CDC7/MYB",32
"GO:0090266","regulation of mitotic cell cycle spindle assembly checkpoint","9/949","23/18860",0.391304347826087,7.77660695468915,7.48519063920502,8.58596195479972e-07,3.84047757707933e-05,3.45229764706978e-05,"BIRC5/MAD2L1/KNL1/AURKB/NDC80/SKA1/CDCA8/SKA3/XRCC3",9
"GO:1903504","regulation of mitotic spindle checkpoint","9/949","23/18860",0.391304347826087,7.77660695468915,7.48519063920502,8.58596195479972e-07,3.84047757707933e-05,3.45229764706978e-05,"BIRC5/MAD2L1/KNL1/AURKB/NDC80/SKA1/CDCA8/SKA3/XRCC3",9
"GO:2001252","positive regulation of chromosome organization","19/949","105/18860",0.180952380952381,3.59616639068694,6.14046355633038,1.08591782133087e-06,4.77950665767049e-05,4.29641346870681e-05,"TAL1/PKIB/NCAPD2/NCAPH/CDK1/FEN1/NCAPG2/NEK2/NCAPG/BUB1/NCAPD3/SMC2/AURKB/SLF1/SKA1/SMC4/SKA3/NCAPH2/DDX11",19
"GO:0035825","homologous recombination","15/949","68/18860",0.220588235294118,4.38387156759437,6.43449318651684,1.08778298553226e-06,4.77950665767049e-05,4.29641346870681e-05,"TOP2A/BRCA1/RAD54L/UHRF1/RAD51/CENPS/EME1/TRIP13/FANCD2/MND1/RAD51AP1/RAD54B/PSMC3IP/BRME1/DMC1",15
"GO:0031570","DNA integrity checkpoint signaling","21/949","126/18860",0.166666666666667,3.31225851773797,5.99430617735411,1.22701601607861e-06,5.34397764897393e-05,4.80383001678051e-05,"BRCA1/CDK1/CLSPN/ORC1/WDR76/CDT1/PLK1/TICRR/CHEK1/RAD51/DNA2/BLM/EME1/FANCD2/H2AX/CDC45/CDC6/DONSON/E2F1/DTL/IER3",21
"GO:0022616","DNA strand elongation","11/949","37/18860",0.297297297297297,5.9083530316407,6.87899117193488,1.26407760875937e-06,5.45751767607851e-05,4.90589387747345e-05,"MCM4/POLA1/MCM7/POLE/RFC4/GINS1/DNA2/LIG1/RFC3/PCNA/MCM3",11
"GO:0051445","regulation of meiotic cell cycle","15/949","70/18860",0.214285714285714,4.25861809423453,6.28711803892407,1.609883314911e-06,6.89057815390788e-05,6.19410640219842e-05,"CDC20/TTK/ASPM/ZWINT/CDC25A/KNL1/PKMYT1/PDE3A/CDC25C/TRIP13/GPR3/RAD51AP1/INSR/FBXO5/FBXO43",15
"GO:0000281","mitotic cytokinesis","18/949","98/18860",0.183673469387755,3.65024408077246,6.05468933890353,1.6551007090604e-06,7.02356839357683e-05,6.31365452669015e-05,"IQGAP3/KIF20A/NUSAP1/BIRC5/ANLN/STMN1/PLK1/CIT/AURKB/KIF4A/CEP55/ESPL1/KIF23/CDCA8/KIF20B/RACGAP1/CENPA/EFHC1",18
"GO:0034508","centromere complex assembly","10/949","31/18860",0.32258064516129,6.41082293755736,6.94005737922344,1.67283129068721e-06,7.03865030361186e-05,6.32721201829953e-05,"OIP5/CENPP/DLGAP5/CENPF/CENPI/CENPE/CENPK/HJURP/CENPH/CENPA",10
"GO:0007098","centrosome cycle","23/949","150/18860",0.153333333333333,3.04727783631893,5.79452765766613,1.7438893407992e-06,7.2759752748471e-05,6.54054914196252e-05,"ITGB1BP2/PCLAF/BRCA1/KIF11/CDK1/WDR62/NEK2/KIF15/PLK1/XRCC2/NDC80/CHEK1/CCNF/PLK4/KAT2A/RTTN/CCDC15/SGO1/SPICE1/XRCC3/STIL/WDR90/CEP72",23
"GO:0051255","spindle midzone assembly","7/949","14/18860",0.5,9.93677555321391,7.69959345662264,2.00841478284544e-06,8.309816164023e-05,7.46989357830233e-05,"BIRC5/PRC1/AURKB/KIF4A/KIF23/CDCA8/RACGAP1",7
"GO:1902751","positive regulation of cell cycle G2/M phase transition","10/949","32/18860",0.3125,6.21048472075869,6.79021523329871,2.32388754042132e-06,9.53562118858832e-05,8.57179919215869e-05,"CDK1/CDC25A/WEE1/CHEK1/CDC25C/RRM1/ATAD5/DTL/FBXO5/CDC7",10
"GO:0007292","female gamete generation","25/949","176/18860",0.142045454545455,2.82294760034486,5.59278480765311,2.64303345940119e-06,0.000107562796114155,9.66907840195085e-05,"BCL2/TOP2A/PAQR5/CCNB2/MEIKIN/TTK/ASPM/FOXO3/NCAPH/PLK1/NDC80/MCM8/SHB/PDE3A/TRIP13/SKA1/SKA3/FBXO5/NCAPH2/BRME1/PTX3/DMC1/HPGD/NANOS1/FUT6",25
"GO:0010972","negative regulation of G2/M transition of mitotic cell cycle","15/949","73/18860",0.205479452054795,4.08360639173174,6.07608959475097,2.81736009895419e-06,0.000112854293396753,0.000101447438172944,"BRCA1/CDK1/CLSPN/WEE1/ORC1/PLK1/AURKB/TICRR/PKMYT1/CHEK1/BLM/CDC6/DONSON/DTL/IER3",15
"GO:0051307","meiotic chromosome separation","6/949","10/18860",0.6,11.9241306638567,7.95359968076139,2.81851608886152e-06,0.000112854293396753,0.000101447438172944,"TTK/NCAPH/ZWINT/KNL1/ESPL1/NCAPH2",6
"GO:0000076","DNA replication checkpoint signaling","8/949","20/18860",0.4,7.94942044257113,7.15740604205063,2.92463925954695e-06,0.000116166671389205,0.000104425014404034,"CLSPN/ORC1/CDT1/TICRR/DNA2/CDC45/CDC6/DONSON",8
"GO:0044843","cell cycle G1/S phase transition","33/949","275/18860",0.12,2.38482613277134,5.3249168943026,3.41809166985291e-06,0.000134689088419204,0.000121075260486018,"APPL2/CDKN2C/BCL2/IQGAP3/CCNB2/CCNA2/LSM11/KIF14/JADE1/CDK1/CCNE2/CDC25A/POLE/WEE1/KANK2/CCNF/PHF10/RCC1/RRM1/CDKN2B/E2F7/CTDSPL/BCL7A/RBL1/RRM2/CDC6/E2F1/CDKN3/STIL/CCNE1/FAM83D/CDC7/MYB",33
"GO:1902750","negative regulation of cell cycle G2/M phase transition","15/949","75/18860",0.2,3.97471022128556,5.94158366943532,4.02010900877335e-06,0.000157164104161887,0.000141278592600075,"BRCA1/CDK1/CLSPN/WEE1/ORC1/PLK1/AURKB/TICRR/PKMYT1/CHEK1/BLM/CDC6/DONSON/DTL/IER3",15
"GO:0045740","positive regulation of DNA replication","11/949","42/18860",0.261904761904762,5.2049776707311,6.27963102671786,5.02164683636095e-06,0.000194784972988532,0.000175096896267849,"FGFR1/CDK1/CDC25A/WEE1/CDT1/E2F8/DNA2/E2F7/PCNA/ATAD5/CDC7",11
"GO:0007077","mitotic nuclear membrane disassembly","6/949","11/18860",0.545454545454545,10.8401187853243,7.51423972169595,5.93586093468526e-06,0.000226704227236249,0.000203789881482312,"PRKCA/CDK1/CDC25A/WEE1/PLK1/CHEK1",6
"GO:0090267","positive regulation of mitotic cell cycle spindle assembly checkpoint","6/949","11/18860",0.545454545454545,10.8401187853243,7.51423972169595,5.93586093468526e-06,0.000226704227236249,0.000203789881482312,"BIRC5/MAD2L1/AURKB/NDC80/CDCA8/XRCC3",6
"GO:0007131","reciprocal meiotic recombination","13/949","60/18860",0.216666666666667,4.30593607305936,5.90369172136977,6.96508402165975e-06,0.000261982137632884,0.000235502043475577,"TOP2A/RAD54L/RAD51/CENPS/EME1/TRIP13/FANCD2/MND1/RAD51AP1/RAD54B/PSMC3IP/BRME1/DMC1",13
"GO:0140527","reciprocal homologous recombination","13/949","60/18860",0.216666666666667,4.30593607305936,5.90369172136977,6.96508402165975e-06,0.000261982137632884,0.000235502043475577,"TOP2A/RAD54L/RAD51/CENPS/EME1/TRIP13/FANCD2/MND1/RAD51AP1/RAD54B/PSMC3IP/BRME1/DMC1",13
"GO:0031023","microtubule organizing center organization","23/949","163/18860",0.141104294478528,2.80424340765546,5.32519462352407,7.35117240665066e-06,0.000274425345857297,0.000246687542573793,"ITGB1BP2/PCLAF/BRCA1/KIF11/CDK1/WDR62/NEK2/KIF15/PLK1/XRCC2/NDC80/CHEK1/CCNF/PLK4/KAT2A/RTTN/CCDC15/SGO1/SPICE1/XRCC3/STIL/WDR90/CEP72",23
"GO:0007095","mitotic G2 DNA damage checkpoint signaling","10/949","36/18860",0.277777777777778,5.52043086289662,6.24895855350029,7.61997270713846e-06,0.000282337048439869,0.000253799562280181,"BRCA1/CDK1/CLSPN/PLK1/TICRR/CHEK1/BLM/DONSON/DTL/IER3",10
"GO:0010971","positive regulation of G2/M transition of mitotic cell cycle","9/949","29/18860",0.310344827586207,6.16765379165001,6.41044586608717,8.00548089396627e-06,0.000294423797322537,0.000264664631504226,"CDK1/CDC25A/WEE1/CHEK1/CDC25C/RRM1/DTL/FBXO5/CDC7",9
"GO:0044818","mitotic G2/M transition checkpoint","12/949","54/18860",0.222222222222222,4.41634469031729,5.78685853397632,1.18865356321723e-05,0.000433945951571585,0.000390084451086769,"BRCA1/CDK1/CLSPN/ORC1/PLK1/TICRR/CHEK1/BLM/CDC6/DONSON/DTL/IER3",12
"GO:1901978","positive regulation of cell cycle checkpoint","7/949","18/18860",0.388888888888889,7.72860320805526,6.57400743106781,1.55910378842581e-05,0.000565032869309062,0.000507921633724583,"BIRC5/MAD2L1/KNL1/AURKB/NDC80/CDCA8/XRCC3",7
"GO:0044774","mitotic DNA integrity checkpoint signaling","14/949","75/18860",0.186666666666667,3.70972953986653,5.41232038921073,1.92545886434225e-05,0.000692746613149222,0.000622726589230445,"BRCA1/CDK1/CLSPN/ORC1/PLK1/TICRR/CHEK1/BLM/EME1/FANCD2/CDC6/DONSON/DTL/IER3",14
"GO:0051653","spindle localization","13/949","66/18860",0.196969696969697,3.91448733914487,5.45955253112834,2.08366124374511e-05,0.000744271803970826,0.000669043822300589,"NUSAP1/ASPM/SPAG5/GPSM2/MAD2L1/PLK1/NDC80/ESPL1/SKA1/SPRY2/SKA3/CENPA/ENKD1",13
"GO:0045143","homologous chromosome segregation","13/949","68/18860",0.191176470588235,3.79935535858179,5.32302500896603,2.91198104000328e-05,0.00103271327597259,0.000928330797715332,"MEIKIN/ZWINT/CCNE2/KNL1/PLK1/ESPL1/TRIP13/FANCD2/MND1/PSMC3IP/CCNE1/DMC1/SYCE2",13
"GO:0051781","positive regulation of cell division","16/949","99/18860",0.161616161616162,3.21188704750349,5.07908020066193,3.30258476346612e-05,0.00116293144330562,0.00104538703972351,"LBH/OSM/TAL1/BIRC5/KIF14/CIT/AURKB/PDGFC/KIF23/CDCA8/CDC6/KIF20B/RACGAP1/CAT/HTR2B/PPBP",16
"GO:1901993","regulation of meiotic cell cycle phase transition","6/949","14/18860",0.428571428571429,8.51723618846906,6.47657113284089,3.3855287732811e-05,0.00118374298305216,0.00106409503326256,"TTK/ZWINT/CDC25A/KNL1/PKMYT1/CDC25C",6
"GO:0071897","DNA biosynthetic process","22/949","168/18860",0.130952380952381,2.60248883536555,4.80235528536111,3.76771160119363e-05,0.00130595516280547,0.00117395450051311,"PCLAF/CCNA2/CENPF/JADE1/CDK1/TK1/POLA1/POLE/DSCC1/RFC4/RFC5/CHTF18/POLQ/LIG1/RRM1/POLE2/RFC3/TYMS/PCNA/DTL/PIF1/LIN9",22
"GO:0050807","regulation of synapse organization","34/949","322/18860",0.105590062111801,2.09844949570977,4.57624334453978,3.78766452052343e-05,0.00130595516280547,0.00117395450051311,"CTTNBP2/PRKCA/ITSN1/EPHB3/IL1RAP/THBS2/BAIAP2/CACNA2D3/GHRL/SEMA4C/CAMK1/ASIC1/TREM2/NECTIN1/CDC20/FGFR1/AGAP1/SRPX2/RTN4RL1/ARHGAP22/DAB1/SRGAP1/CDK5R1/PPFIA2/FLRT3/LRRN1/SYNDIG1/RAB17/SRGAP3/PTPN13/IL10/CUX2/ITPKA/LRP4",34
"GO:0051298","centrosome duplication","14/949","80/18860",0.175,3.47787144362487,5.11220769508814,4.09944850939518e-05,0.00140370771373428,0.00126182661922581,"ITGB1BP2/BRCA1/WDR62/NDC80/CCNF/PLK4/KAT2A/RTTN/CCDC15/SPICE1/XRCC3/STIL/WDR90/CEP72",14
"GO:0040020","regulation of meiotic nuclear division","9/949","35/18860",0.257142857142857,5.11034171308144,5.60243695030857,4.29755783016679e-05,0.00146146401553275,0.00131374514779432,"CDC20/ZWINT/KNL1/PDE3A/TRIP13/GPR3/RAD51AP1/FBXO5/FBXO43",9
"GO:0051293","establishment of spindle localization","12/949","61/18860",0.19672131147541,3.90955103733006,5.23909221626596,4.36365606388371e-05,0.00147384709912807,0.00132487659941761,"NUSAP1/SPAG5/GPSM2/MAD2L1/PLK1/NDC80/ESPL1/SKA1/SPRY2/SKA3/CENPA/ENKD1",12
"GO:0000910","cytokinesis","24/949","195/18860",0.123076923076923,2.44597552079112,4.67193475228439,4.74964168101104e-05,0.00159337641528512,0.00143232437606592,"IQGAP3/KIF20A/NUSAP1/BIRC5/PRC1/ANLN/KIF14/STMN1/PLK1/CIT/AURKB/E2F8/KIF4A/CEP55/ESPL1/KIF23/CDCA8/E2F7/CDC6/KIF20B/RACGAP1/CENPA/EFHC1/KLHL13",24
"GO:0051447","negative regulation of meiotic cell cycle","7/949","21/18860",0.333333333333333,6.62451703547594,5.93606271065062,4.98757612402167e-05,0.00166196748025286,0.00149398253379385,"TTK/ZWINT/KNL1/PKMYT1/TRIP13/FBXO5/FBXO43",7
"GO:0051081","nuclear membrane disassembly","6/949","15/18860",0.4,7.94942044257113,6.19767310332289,5.40241853387834e-05,0.00177635814706662,0.00159681105497694,"PRKCA/CDK1/CDC25A/WEE1/PLK1/CHEK1",6
"GO:0090306","meiotic spindle assembly","6/949","15/18860",0.4,7.94942044257113,6.19767310332289,5.40241853387834e-05,0.00177635814706662,0.00159681105497694,"CCNB2/ASPM/NDC80/SKA1/SKA3/FBXO5",6
"GO:0050803","regulation of synapse structure or activity","34/949","329/18860",0.103343465045593,2.05380163409892,4.43853765012447,5.84573065160621e-05,0.00190947715034374,0.00171647492817246,"CTTNBP2/PRKCA/ITSN1/EPHB3/IL1RAP/THBS2/BAIAP2/CACNA2D3/GHRL/SEMA4C/CAMK1/ASIC1/TREM2/NECTIN1/CDC20/FGFR1/AGAP1/SRPX2/RTN4RL1/ARHGAP22/DAB1/SRGAP1/CDK5R1/PPFIA2/FLRT3/LRRN1/SYNDIG1/RAB17/SRGAP3/PTPN13/IL10/CUX2/ITPKA/LRP4",34
"GO:0061640","cytoskeleton-dependent cytokinesis","18/949","126/18860",0.142857142857143,2.83907872948969,4.7676334217184,5.9715372870831e-05,0.00193782239414167,0.00174195514944839,"IQGAP3/KIF20A/NUSAP1/BIRC5/ANLN/STMN1/PLK1/CIT/AURKB/KIF4A/CEP55/ESPL1/KIF23/CDCA8/KIF20B/RACGAP1/CENPA/EFHC1",18
"GO:0051338","regulation of transferase activity","32/949","304/18860",0.105263157894737,2.09195274804503,4.41805354464371,6.72866159362337e-05,0.00216933797482727,0.00195007007224628,"MMD/DEPTOR/NHERF1/CAMK1/CDC20/FGFR1/KIF14/CCNE2/MAD2L1/CDC25A/FIRRM/CLSPN/DSCC1/RFC4/PLK1/CENPE/TPX2/PKMYT1/RFC5/BLM/CHTF18/CDC25C/UBE2C/RFC3/RBL1/CDC6/CDK5R1/CDKN3/PCNA/FBXO5/NEK10/PRLR",32
"GO:0007099","centriole replication","10/949","46/18860",0.217391304347826,4.32033719704953,5.18982909298275,7.73136883801965e-05,0.00247653201811404,0.00222621418493741,"BRCA1/WDR62/PLK4/KAT2A/RTTN/CCDC15/SPICE1/STIL/WDR90/CEP72",10
"GO:0030010","establishment of cell polarity","21/949","164/18860",0.128048780487805,2.54478398314015,4.5734912416354,7.80367408969102e-05,0.00248366934969974,0.00223263010393319,"FSCN1/FRMD4A/NHERF1/CDH5/KIF26B/SPAG5/GPSM2/MAD2L1/WEE1/PLK1/NDC80/UST/SKA1/KIF20B/SPRY2/SKA3/DIAPH3/CENPA/ENKD1/FEZ1/MPP7",21
"GO:0030397","membrane disassembly","6/949","16/18860",0.375,7.45258166491043,5.94346176006787,8.27636603938739e-05,0.00261733486532219,0.00235278525021807,"PRKCA/CDK1/CDC25A/WEE1/PLK1/CHEK1",6
"GO:0032465","regulation of cytokinesis","15/949","96/18860",0.15625,3.10524236037935,4.76000626080271,8.60431162668453e-05,0.00270382324218283,0.00243053173198817,"KIF20A/BIRC5/PRC1/KIF14/PLK1/CIT/AURKB/E2F8/KIF23/CDCA8/E2F7/CDC6/KIF20B/RACGAP1/KLHL13",15
"GO:0045840","positive regulation of mitotic nuclear division","10/949","47/18860",0.212765957446809,4.2284151290272,5.10084109839294,9.38255893272926e-05,0.00291152531881255,0.00261724012334027,"CD28/LRP5/CDC20/DLGAP5/NUSAP1/ESPL1/UBE2C/SKA1/SKA3/INSR",10
"GO:0051294","establishment of spindle orientation","10/949","47/18860",0.212765957446809,4.2284151290272,5.10084109839294,9.38255893272926e-05,0.00291152531881255,0.00261724012334027,"SPAG5/GPSM2/MAD2L1/PLK1/NDC80/SKA1/SPRY2/SKA3/CENPA/ENKD1",10
"GO:0000212","meiotic spindle organization","7/949","23/18860",0.304347826086957,6.04847207586934,5.57635645349576,9.62527985117015e-05,0.00294997002846048,0.00265179899733343,"CCNB2/ASPM/NDC80/ESPL1/SKA1/SKA3/FBXO5",7
"GO:0051988","regulation of attachment of spindle microtubules to kinetochore","7/949","23/18860",0.304347826086957,6.04847207586934,5.57635645349576,9.62527985117015e-05,0.00294997002846048,0.00265179899733343,"BIRC5/SPAG5/CDK1/NEK2/AURKB/CDCA8/RACGAP1",7
"GO:0051054","positive regulation of DNA metabolic process","30/949","283/18860",0.106007067137809,2.10673686640578,4.31799687476003,9.88919659682887e-05,0.00301226141737763,0.00270779422476942,"CD28/PKIB/CCNA2/BRCA1/FGFR1/CDK1/CDC25A/NEK2/WEE1/DSCC1/CDT1/RFC4/AURKB/E2F8/PHF10/RFC5/DNA2/CHTF18/SLF1/RFC3/FOXM1/H2AX/E2F7/BCL7A/RAD51AP1/PCNA/FANCB/ATAD5/DDX11/CDC7",30
"GO:0051896","regulation of phosphatidylinositol 3-kinase/protein kinase B signal transduction","32/949","311/18860",0.102893890675241,2.0448669948736,4.27674616272158,0.000103586233030093,0.00313601004264884,0.00281903483984335,"PRKCA/OSM/ENG/CX3CR1/CD28/MERTK/SESN1/ADAM8/NHERF1/PDE3B/TREM2/HIP1/SESN3/FGFR1/PHLPP1/RCN3/HBEGF/TYRO3/PDGFC/CEP55/SPRY2/IL18/INSR/CAT/THBS1/UNC5B/PTPN13/ADTRP/PIP5KL1/TNFSF11/GPER1/PIP5K1B",32
"GO:0007064","mitotic sister chromatid cohesion","8/949","31/18860",0.258064516129032,5.12865835004589,5.29552088087057,0.000111726839531256,0.00335921171192248,0.00301967618774608,"CDC20/ESCO2/DSCC1/BUB1/SLF1/HASPIN/SGO1/CDCA5",8
"GO:0031055","chromatin remodeling at centromere","5/949","11/18860",0.454545454545455,9.03343232110355,6.13459426311216,0.000114341748099678,0.00335921171192248,0.00301967618774608,"OIP5/CENPP/CENPI/HJURP/CENPA",5
"GO:0033314","mitotic DNA replication checkpoint signaling","5/949","11/18860",0.454545454545455,9.03343232110355,6.13459426311216,0.000114341748099678,0.00335921171192248,0.00301967618774608,"CLSPN/ORC1/TICRR/CDC6/DONSON",5
"GO:0034080","CENP-A containing chromatin assembly","5/949","11/18860",0.454545454545455,9.03343232110355,6.13459426311216,0.000114341748099678,0.00335921171192248,0.00301967618774608,"OIP5/CENPP/CENPI/HJURP/CENPA",5
"GO:0045835","negative regulation of meiotic nuclear division","5/949","11/18860",0.454545454545455,9.03343232110355,6.13459426311216,0.000114341748099678,0.00335921171192248,0.00301967618774608,"ZWINT/KNL1/TRIP13/FBXO5/FBXO43",5
"GO:0051382","kinetochore assembly","6/949","17/18860",0.352941176470588,7.014194508151,5.71030658298368,0.000122474614868791,0.00357697919307969,0.00321543261327352,"DLGAP5/CENPF/CENPE/CENPK/CENPH/CENPA",6
"GO:0045124","regulation of bone resorption","9/949","40/18860",0.225,4.47154899894626,5.05913193219385,0.000132704333028483,0.00385308195021298,0.00346362802118048,"S1PR1/TNFRSF11A/PRKCA/PDK4/TMEM119/ADAM8/ITGB3/SIGLEC15/TNFSF11",9
"GO:0045742","positive regulation of epidermal growth factor receptor signaling pathway","8/949","32/18860",0.25,4.96838777660695,5.17153558190059,0.000142448331575568,0.0041119532922831,0.00369633369571852,"MMP9/AGR2/ANTXR1/HIP1/DGKD/SPRY2/PLAU/GPER1",8
"GO:0034502","protein localization to chromosome","17/949","123/18860",0.138211382113821,2.74675096592905,4.47369156727474,0.00014362938486173,0.00412208032276583,0.00370543712694697,"JARID2/BUB1B/TTK/ESCO2/CDK1/PARP2/KNL1/MMS22L/PLK1/AURKB/MCM8/TONSL/SLF1/H2AX/HASPIN/CENPA/CENPQ",17
"GO:0007163","establishment or maintenance of cell polarity","26/949","236/18860",0.110169491525424,2.18945902019968,4.23254440997489,0.000151683464839929,0.00432820921224281,0.00389073134253661,"FSCN1/PARVB/FRMD4A/NHERF1/CDH5/KIF26B/SPAG5/GPSM2/MAD2L1/WEE1/LMNA/PLK1/NDC80/UST/SKA1/KIF2C/KIF20B/SPRY2/SKA3/DIAPH3/CENPA/ENKD1/FEZ1/LRRC7/ANK1/MPP7",26
"GO:0071459","protein localization to chromosome, centromeric region","9/949","41/18860",0.219512195121951,4.36248682824025,4.96120038264508,0.000162510909467207,0.00461066666002676,0.00414463913468246,"JARID2/BUB1B/TTK/CDK1/KNL1/AURKB/HASPIN/CENPA/CENPQ",9
"GO:0001659","temperature homeostasis","22/949","186/18860",0.118279569892473,2.35063507710437,4.26096865016635,0.000173580389235115,0.00489674223041104,0.00440179934423975,"TNFRSF11A/APPL2/EPAS1/ACOT11/GHRL/LGR4/TLE3/GATM/G0S2/MAP2K6/HADH/ADAMTS5/PDGFC/GPR3/IL18/FFAR4/ADRB1/PTGER3/TNFSF11/CCR2/PRLR/NTSR1",22
"GO:0045842","positive regulation of mitotic metaphase/anaphase transition","6/949","18/18860",0.333333333333333,6.62451703547594,5.49528864224306,0.000175916403361057,0.00493460419597543,0.00443583437556279,"CDC20/DLGAP5/ESPL1/UBE2C/SKA1/SKA3",6
"GO:0000079","regulation of cyclin-dependent protein serine/threonine kinase activity","8/949","33/18860",0.242424242424242,4.81783057125523,5.05260769788559,0.000179806501327621,0.00501538920837999,0.00450845396587293,"CCNE2/CDC25A/PKMYT1/BLM/CDC25C/CDC6/CDK5R1/CDKN3",8
"GO:0007056","spindle assembly involved in female meiosis","5/949","12/18860",0.416666666666667,8.28064629434492,5.80711516377074,0.000187896518329595,0.00521176655590189,0.0046849822859011,"CCNB2/NDC80/SKA1/SKA3/FBXO5",5
"GO:0042770","signal transduction in response to DNA damage","23/949","200/18860",0.115,2.2854583772392,4.20677918649999,0.000190285177751932,0.00524869948632411,0.00471818218519409,"MAP2K6/BRCA1/FOXO3/CDK1/GTSE1/CLSPN/WDR76/PLK1/TICRR/CHEK1/RAD51/BLM/EME1/SNAI1/FOXM1/FANCD2/H2AX/E2F7/DONSON/E2F1/ATAD5/DTL/IER3",23
"GO:0098534","centriole assembly","10/949","51/18860",0.196078431372549,3.89677472675055,4.76814525505459,0.000192919853249773,0.00528293493138842,0.00474895725003167,"BRCA1/WDR62/PLK4/KAT2A/RTTN/CCDC15/SPICE1/STIL/WDR90/CEP72",10
"GO:0051960","regulation of nervous system development","42/949","466/18860",0.0901287553648069,1.79117842590122,3.98072176230573,0.000193654412389263,0.00528293493138842,0.00474895725003167,"NRP1/PRKCA/APPL2/EPHB3/CX3CR1/IL1RAP/THBS2/FZD3/BAIAP2/TNFRSF21/GHRL/SKI/TIAM1/TREM2/PLXND1/ASPM/SRPX2/KIF14/WDR62/XRCC2/RTN4RL1/SEMA6C/DLL1/FSTL4/HMGB2/DAB1/E2F1/FLRT3/LRRN1/TP73/SYNDIG1/SEMA3G/DLX1/SORL1/PTPN13/CUX2/ITPKA/LRP4/MYB/GFAP/HEY1/GPER1",42
"GO:0040001","establishment of mitotic spindle localization","9/949","42/18860",0.214285714285714,4.25861809423453,4.86635623090518,0.000197693571390224,0.00536365345329214,0.00482151707043169,"NUSAP1/GPSM2/MAD2L1/PLK1/NDC80/ESPL1/SPRY2/CENPA/ENKD1",9
"GO:0044773","mitotic DNA damage checkpoint signaling","12/949","71/18860",0.169014084507042,3.35891004615681,4.58375335289767,0.000201983793006938,0.0054502691971709,0.00489937804547721,"BRCA1/CDK1/CLSPN/PLK1/TICRR/CHEK1/BLM/EME1/FANCD2/DONSON/DTL/IER3",12
"GO:1901186","positive regulation of ERBB signaling pathway","8/949","34/18860",0.235294117647059,4.67612967210066,4.93837167738618,0.000224852714413803,0.00603456068683532,0.00542461171615662,"MMP9/AGR2/ANTXR1/HIP1/DGKD/SPRY2/PLAU/GPER1",8
"GO:1902101","positive regulation of metaphase/anaphase transition of cell cycle","6/949","19/18860",0.315789473684211,6.2758582441351,5.29603032602016,0.000246209375281461,0.00657220187243256,0.00590791030669721,"CDC20/DLGAP5/ESPL1/UBE2C/SKA1/SKA3",6
"GO:2000045","regulation of G1/S transition of mitotic cell cycle","21/949","178/18860",0.117977528089888,2.34463243390441,4.14891387342141,0.000250254637000098,0.00664446135136624,0.0059728660899545,"APPL2/CDKN2C/BCL2/LSM11/KIF14/JADE1/CCNE2/WEE1/KANK2/PHF10/RRM1/CDKN2B/E2F7/CTDSPL/BCL7A/RBL1/RRM2/CDC6/E2F1/STIL/CCNE1",21
"GO:0000077","DNA damage checkpoint signaling","16/949","117/18860",0.136752136752137,2.7177505786568,4.29008603048919,0.000252487087106024,0.00666807652915643,0.00599409434115085,"BRCA1/CDK1/CLSPN/WDR76/PLK1/TICRR/CHEK1/RAD51/BLM/EME1/FANCD2/H2AX/DONSON/E2F1/DTL/IER3",16
"GO:0051785","positive regulation of nuclear division","11/949","63/18860",0.174603174603175,3.46998511382073,4.52015012896112,0.000274746726602018,0.00721755289724349,0.00648803186183546,"CD28/LRP5/CDC20/DLGAP5/NUSAP1/ESPL1/UBE2C/SKA1/RAD51AP1/SKA3/INSR",11
"GO:0043277","apoptotic cell clearance","9/949","44/18860",0.204545454545455,4.0650445444966,4.68524165819732,0.000287177120210059,0.00750439158864707,0.00674587805922798,"MERTK/TREM2/TYRO3/ITGB3/FCN1/THBS1/CCR2/ALOX15/MARCO",9
"GO:0007144","female meiosis I","5/949","13/18860",0.384615384615385,7.64367350247224,5.51558220404512,0.000292702699849896,0.00760873772122897,0.00683967730704634,"CCNB2/NDC80/TRIP13/FBXO5/BRME1",5
"GO:0072001","renal system development","32/949","334/18860",0.0958083832335329,1.90405280061584,3.83714948947872,0.00037869143805861,0.00979272390604687,0.00880291500750278,"MTSS1/NRP1/MMP9/BCL2/SGPL1/LGR4/PLXND1/KIF26B/CENPF/FGFR1/ACE/HELLS/KANK2/NOTCH3/CC2D2A/NFIA/DYNC2H1/DLL1/ITGB3/TP73/CD24/ID3/GLIS2/CAT/SOX17/BMP4/RBP4/PROM1/COL4A4/HPGD/LRP4/IRX3",32
"GO:0033002","muscle cell proliferation","26/949","252/18860",0.103174603174603,2.05044574907589,3.864173066598,0.000427293338139161,0.0109922871702639,0.00988123127193914,"S1PR1/PRKCA/MMP9/JARID2/SKI/NDRG2/FGFR1/CDK1/HBEGF/NOTCH3/NDC80/FOS/ITGB3/DSN1/IL18/IGFBP3/TP73/THBS1/IL10/TGFBR3/BMP4/RBP4/CALCRL/HPGD/MYB/GPER1",26
"GO:0000731","DNA synthesis involved in DNA repair","9/949","47/18860",0.191489361702128,3.80557361612448,4.43275868615038,0.000482159428180441,0.0122765208252097,0.011035659786694,"PCLAF/POLA1/POLE/POLQ/RRM1/POLE2/RFC3/PCNA/DTL",9
"GO:0046850","regulation of bone remodeling","9/949","47/18860",0.191489361702128,3.80557361612448,4.43275868615038,0.000482159428180441,0.0122765208252097,0.011035659786694,"S1PR1/TNFRSF11A/PRKCA/PDK4/TMEM119/ADAM8/ITGB3/SIGLEC15/TNFSF11",9
"GO:0043491","phosphatidylinositol 3-kinase/protein kinase B signal transduction","33/949","354/18860",0.0932203389830508,1.85261917093819,3.72763143142047,0.000503960025722689,0.0127661302434345,0.0114757814665102,"PRKCA/OSM/ENG/CX3CR1/CD28/MERTK/SESN1/ADAM8/NHERF1/PDE3B/TREM2/HIP1/SESN3/FGFR1/PHLPP1/RCN3/HBEGF/TYRO3/PDGFC/CEP55/PIK3C2B/SPRY2/IL18/INSR/CAT/THBS1/UNC5B/PTPN13/ADTRP/PIP5KL1/TNFSF11/GPER1/PIP5K1B",33
"GO:0048738","cardiac muscle tissue development","26/949","255/18860",0.101960784313725,2.02632285791029,3.79814704173823,0.000512022679697774,0.0129045309883221,0.0116001932242509,"S1PR1/ENG/JARID2/SKI/AKAP6/CXADR/RGS4/FGFR1/CDK1/PARP2/LMNA/GJC1/DLL1/SORBS2/KAT2A/FZD7/TP73/TGFBR3/BMP4/RBP4/MIR25/TNNC1/SGCD/IRX3/MYLK2/HEY1",26
"GO:0007416","synapse assembly","28/949","284/18860",0.0985915492957746,1.95936419359147,3.74972219641198,0.000545990744793624,0.0136911315550522,0.0123072873892874,"LGI2/PRKCA/GABRA3/EPHB3/IL1RAP/THBS2/GHRL/SEMA4C/ASIC1/NECTIN1/PLXND1/FGFR1/SRPX2/PLXNA2/RTN4RL1/SRGAP1/FLRT3/GABRE/LRRN1/SYNDIG1/RAB17/SRGAP3/PTPN13/DNER/CUX2/PCLO/LRP4/GABRA5",28
"GO:1905521","regulation of macrophage migration","9/949","48/18860",0.1875,3.72629083245522,4.35319214016771,0.000567297250657807,0.0141539238669146,0.0127233025273161,"CX3CR1/CD200R1/MTUS1/TREM2/C5/C5AR1/CD9/THBS1/CCR2",9
"GO:0120161","regulation of cold-induced thermogenesis","18/949","151/18860",0.119205298013245,2.36903258222318,3.8878499029836,0.000595212780565691,0.0147761572775433,0.0132826431031502,"APPL2/EPAS1/ACOT11/GHRL/LGR4/TLE3/GATM/G0S2/MAP2K6/HADH/ADAMTS5/PDGFC/GPR3/IL18/FFAR4/ADRB1/CCR2/PRLR",18
"GO:0034501","protein localization to kinetochore","5/949","15/18860",0.333333333333333,6.62451703547594,5.0160899369982,0.000627748133869691,0.0151299489546748,0.0136006749494506,"TTK/CDK1/KNL1/AURKB/CENPQ",5
"GO:0045780","positive regulation of bone resorption","5/949","15/18860",0.333333333333333,6.62451703547594,5.0160899369982,0.000627748133869691,0.0151299489546748,0.0136006749494506,"TNFRSF11A/PRKCA/ADAM8/ITGB3/TNFSF11",5
"GO:0090235","regulation of metaphase plate congression","5/949","15/18860",0.333333333333333,6.62451703547594,5.0160899369982,0.000627748133869691,0.0151299489546748,0.0136006749494506,"BIRC5/SPAG5/CDK1/AURKB/CDCA8",5
"GO:1903083","protein localization to condensed chromosome","5/949","15/18860",0.333333333333333,6.62451703547594,5.0160899369982,0.000627748133869691,0.0151299489546748,0.0136006749494506,"TTK/CDK1/KNL1/AURKB/CENPQ",5
"GO:1904666","regulation of ubiquitin protein ligase activity","5/949","15/18860",0.333333333333333,6.62451703547594,5.0160899369982,0.000627748133869691,0.0151299489546748,0.0136006749494506,"CDC20/MAD2L1/PLK1/UBE2C/FBXO5",5
"GO:2000105","positive regulation of DNA-templated DNA replication","5/949","15/18860",0.333333333333333,6.62451703547594,5.0160899369982,0.000627748133869691,0.0151299489546748,0.0136006749494506,"FGFR1/CDT1/E2F8/E2F7/CDC7",5
"GO:0060419","heart growth","14/949","103/18860",0.135922330097087,2.70125937368922,3.98510688169485,0.00064072518817029,0.0153681186437946,0.0138147714103332,"S1PR1/JARID2/SKI/AKAP6/RGS4/FGFR1/CDK1/PARP2/SORBS2/TP73/ACACB/TGFBR3/RBP4/MIR25",14
"GO:0001755","neural crest cell migration","10/949","59/18860",0.169491525423729,3.36839849261488,4.19394592582066,0.000659313319783623,0.0157379357342581,0.0141472088860454,"NRP1/SEMA6B/EFNB1/KITLG/SEMA4C/SEMA6C/SEMA3G/HTR2B/BMP4/SEMA3D",10
"GO:0071526","semaphorin-plexin signaling pathway","9/949","49/18860",0.183673469387755,3.65024408077246,4.2757321469346,0.000664357626799556,0.0157824670672717,0.0141872391721487,"NRP1/SEMA6B/SEMA4C/TREM2/PLXND1/PLXNA2/SEMA6C/SEMA3G/SEMA3D",9
"GO:1902806","regulation of cell cycle G1/S phase transition","22/949","206/18860",0.106796116504854,2.12241807932724,3.72850557640268,0.000723882913045654,0.0170335481671643,0.0153118660579375,"APPL2/CDKN2C/BCL2/LSM11/KIF14/JADE1/CCNE2/WEE1/KANK2/PHF10/RRM1/CDKN2B/E2F7/CTDSPL/BCL7A/RBL1/RRM2/CDC6/E2F1/STIL/CCNE1/FAM83D",22
"GO:2000241","regulation of reproductive process","22/949","206/18860",0.106796116504854,2.12241807932724,3.72850557640268,0.000723882913045654,0.0170335481671643,0.0153118660579375,"PLB1/TPST2/CDC20/TTK/ASPM/ZWINT/CDC25A/KNL1/PKMYT1/SHB/PDE3A/CDC25C/TRIP13/SNAI1/GPR3/RAD51AP1/RETN/INSR/FBXO5/KIF9/BMP4/FBXO43",22
"GO:0106106","cold-induced thermogenesis","18/949","154/18860",0.116883116883117,2.3228825968552,3.79423056362821,0.000752512184587244,0.0176236933796022,0.0158423617807841,"APPL2/EPAS1/ACOT11/GHRL/LGR4/TLE3/GATM/G0S2/MAP2K6/HADH/ADAMTS5/PDGFC/GPR3/IL18/FFAR4/ADRB1/CCR2/PRLR",18
"GO:0051963","regulation of synapse assembly","20/949","181/18860",0.110497237569061,2.19597249794783,3.72148428012357,0.000809652105552407,0.0188728765449188,0.0169652825675424,"PRKCA/EPHB3/IL1RAP/THBS2/GHRL/SEMA4C/ASIC1/NECTIN1/FGFR1/SRPX2/RTN4RL1/SRGAP1/FLRT3/LRRN1/SYNDIG1/RAB17/SRGAP3/PTPN13/CUX2/LRP4",20
"GO:0090497","mesenchymal cell migration","10/949","61/18860",0.163934426229508,3.25795919777505,4.06580132327386,0.000864246760956431,0.0199389924459259,0.0179236397881435,"NRP1/SEMA6B/EFNB1/KITLG/SEMA4C/SEMA6C/SEMA3G/HTR2B/BMP4/SEMA3D",10
"GO:0009263","deoxyribonucleotide biosynthetic process","5/949","16/18860",0.3125,6.21048472075869,4.79936842297634,0.000875468349085971,0.0199389924459259,0.0179236397881435,"RRM1/SHMT1/TYMS/RRM2/DUT",5
"GO:0009265","2'-deoxyribonucleotide biosynthetic process","5/949","16/18860",0.3125,6.21048472075869,4.79936842297634,0.000875468349085971,0.0199389924459259,0.0179236397881435,"RRM1/SHMT1/TYMS/RRM2/DUT",5
"GO:0046385","deoxyribose phosphate biosynthetic process","5/949","16/18860",0.3125,6.21048472075869,4.79936842297634,0.000875468349085971,0.0199389924459259,0.0179236397881435,"RRM1/SHMT1/TYMS/RRM2/DUT",5
"GO:0051782","negative regulation of cell division","5/949","16/18860",0.3125,6.21048472075869,4.79936842297634,0.000875468349085971,0.0199389924459259,0.0179236397881435,"ASPM/AURKB/E2F8/BLM/E2F7",5
"GO:0051965","positive regulation of synapse assembly","11/949","72/18860",0.152777777777778,3.03623697459314,3.98461908923653,0.000893391880470189,0.0202542953723036,0.0182070731708416,"PRKCA/EPHB3/IL1RAP/THBS2/GHRL/SRPX2/RTN4RL1/FLRT3/LRRN1/SYNDIG1/CUX2",11
"GO:0032467","positive regulation of cytokinesis","9/949","51/18860",0.176470588235294,3.5070972540755,4.12672886351437,0.000899197241352909,0.02029324683326,0.0182420875757719,"BIRC5/KIF14/CIT/AURKB/KIF23/CDCA8/CDC6/KIF20B/RACGAP1",9
"GO:0055017","cardiac muscle tissue growth","13/949","95/18860",0.136842105263158,2.71953857245854,3.86751458439612,0.000926318548167772,0.0208107311839502,0.0187072667026976,"S1PR1/JARID2/SKI/AKAP6/RGS4/FGFR1/CDK1/PARP2/SORBS2/TP73/TGFBR3/RBP4/MIR25",13
"GO:0001822","kidney development","30/949","323/18860",0.0928792569659443,1.84584066003974,3.52941407932184,0.000941648808097103,0.0210598483432528,0.0189312041077843,"MTSS1/NRP1/MMP9/BCL2/SGPL1/LGR4/PLXND1/KIF26B/CENPF/FGFR1/ACE/HELLS/KANK2/NOTCH3/CC2D2A/DYNC2H1/DLL1/ITGB3/TP73/CD24/ID3/GLIS2/CAT/SOX17/BMP4/PROM1/COL4A4/HPGD/LRP4/IRX3",30
"GO:0006935","chemotaxis","40/949","474/18860",0.0843881856540084,1.67709292037366,3.43657902718958,0.000997286441897578,0.0222041577758811,0.0199598513743013,"S1PR1/NRP1/TNFRSF11A/SEMA6B/GPR183/CYSLTR1/ENG/CX3CR1/KLRK1/MTUS1/ADAM8/SEMA4C/PLEKHG5/CD300H/TREM2/CXADR/C5/C5AR1/FGFR1/ADGRA2/HBEGF/SEMA6C/ITGB3/CXCR3/HMGB2/FLRT3/SEMA3G/THBS1/ARHGEF16/PROK2/IL10/PLAU/CXCL5/BMP4/TNFSF11/SEMA3D/CCR2/SCG2/ACKR3/PPBP",40
"GO:1990845","adaptive thermogenesis","19/949","171/18860",0.111111111111111,2.20817234515865,3.65314098594912,0.00101151212422639,0.0224203468606429,0.0201541889413528,"APPL2/EPAS1/ACOT11/GHRL/LGR4/TLE3/GATM/G0S2/MAP2K6/HADH/ADAMTS5/PDGFC/GPR3/IL18/FFAR4/SORL1/ADRB1/CCR2/PRLR",19
"GO:0006284","base-excision repair","9/949","52/18860",0.173076923076923,3.43965307611251,4.05500091374205,0.00103963500287991,0.0228208656812538,0.0205142249405875,"PARP2/FEN1/POLE/UNG/DNA2/POLQ/LIG1/NEIL3/PCNA",9
"GO:0033313","meiotic cell cycle checkpoint signaling","4/949","10/18860",0.4,7.94942044257113,5.05970771627485,0.00104796724578567,0.0228208656812538,0.0205142249405875,"TTK/ZWINT/KNL1/TRIP13",4
"GO:0045876","positive regulation of sister chromatid cohesion","4/949","10/18860",0.4,7.94942044257113,5.05970771627485,0.00104796724578567,0.0228208656812538,0.0205142249405875,"FEN1/BUB1/SLF1/DDX11",4
"GO:1902423","regulation of attachment of mitotic spindle microtubules to kinetochore","4/949","10/18860",0.4,7.94942044257113,5.05970771627485,0.00104796724578567,0.0228208656812538,0.0205142249405875,"BIRC5/CDK1/AURKB/CDCA8",4
"GO:0042330","taxis","40/949","476/18860",0.0840336134453782,1.67004631146452,3.40816656037707,0.0010798092116589,0.023411583999504,0.0210452358420304,"S1PR1/NRP1/TNFRSF11A/SEMA6B/GPR183/CYSLTR1/ENG/CX3CR1/KLRK1/MTUS1/ADAM8/SEMA4C/PLEKHG5/CD300H/TREM2/CXADR/C5/C5AR1/FGFR1/ADGRA2/HBEGF/SEMA6C/ITGB3/CXCR3/HMGB2/FLRT3/SEMA3G/THBS1/ARHGEF16/PROK2/IL10/PLAU/CXCL5/BMP4/TNFSF11/SEMA3D/CCR2/SCG2/ACKR3/PPBP",40
"GO:0007548","sex differentiation","28/949","297/18860",0.0942760942760943,1.87360077771037,3.49300875229844,0.00109376983508387,0.0236111618747454,0.0212246411933896,"TLR5/MERTK/TESC/BCL2/SGPL1/KITLG/ASB1/LGR4/ASPM/FOXO3/FANCE/ACE/DHCR24/CENPI/TYRO3/MAMLD1/RRM1/FANCG/HMGB2/FANCA/RETN/INSR/PTX3/DMC1/ADGRG1/RBP4/CBX2/DMRTA1",28
"GO:0042325","regulation of phosphorylation","37/949","431/18860",0.08584686774942,1.70608211354485,3.41330800828983,0.00111793952285464,0.0239424782722531,0.0215224694703669,"NRP1/NT5DC2/OSM/MMD/DEPTOR/MMP9/LIMCH1/NHERF1/FAXDC2/CAMK1/FGFR1/SRPX2/KIF14/CCNE2/CDC25A/MCM7/FIRRM/CLSPN/CENPE/TPX2/PKMYT1/BLM/CDC25C/RBL1/CDC6/CDK5R1/SPRY2/CDKN3/IL18/IGFBP3/FZD7/THBS1/NEK10/PTPN13/BMP4/PRLR/GPER1",37
"GO:1905517","macrophage migration","10/949","63/18860",0.158730158730159,3.15453192165521,3.94286090593317,0.00111876232812945,0.0239424782722531,0.0215224694703669,"CX3CR1/CD200R1/MTUS1/TREM2/C5/C5AR1/CD9/THBS1/CCR2/TRIM55",10
"GO:0060420","regulation of heart growth","11/949","74/18860",0.148648648648649,2.95417651582035,3.87699294097733,0.00112780273377903,0.0240323629751625,0.0216032689912946,"JARID2/AKAP6/RGS4/FGFR1/CDK1/PARP2/TP73/ACACB/TGFBR3/RBP4/MIR25",11
"GO:1901888","regulation of cell junction assembly","27/949","285/18860",0.0947368421052632,1.88275747324053,3.45646323008741,0.00123796348850763,0.0260212830234815,0.0233911570508426,"NRP1/PRKCA/ARHGAP6/EPHB3/IL1RAP/THBS2/LIMCH1/GHRL/SEMA4C/ASIC1/NECTIN1/FGFR1/ACE/SRPX2/RTN4RL1/SNAI1/SRGAP1/FLRT3/LRRN1/SYNDIG1/THBS1/RAB17/SRGAP3/PTPN13/CUX2/LRP4/IRX3",27
"GO:0051056","regulation of small GTPase mediated signal transduction","29/949","314/18860",0.0923566878980892,1.83545535696308,3.43633474973152,0.00123889627635036,0.0260212830234815,0.0233911570508426,"NRP1/ITSN1/ARHGAP6/FGD5/ARHGAP26/FAM13A/KITLG/PLEKHG5/TIAM1/DEF6/KIF14/STMN1/DNMBP/KANK2/CHN2/FOXM1/ARHGAP22/MCF2L/RACGAP1/SPRY2/ARHGAP11A/FGD1/ARHGEF16/SRGAP3/ARHGAP20/ADGRG1/PLEKHG4/RASAL1/LRP4",29
"GO:0046599","regulation of centriole replication","6/949","25/18860",0.24,4.76965226554268,4.34131203123,0.00124044593492142,0.0260212830234815,0.0233911570508426,"BRCA1/PLK4/KAT2A/CCDC15/SPICE1/STIL",6
"GO:0048661","positive regulation of smooth muscle cell proliferation","13/949","98/18860",0.13265306122449,2.636287391669,3.73822618739061,0.00124210354009368,0.0260212830234815,0.0233911570508426,"S1PR1/PRKCA/MMP9/HBEGF/NOTCH3/ITGB3/IL18/THBS1/IL10/BMP4/CALCRL/HPGD/MYB",13
"GO:0051347","positive regulation of transferase activity","18/949","161/18860",0.111801242236025,2.22188770133976,3.58399636290675,0.0012634661090813,0.0263576018133978,0.0236934820986499,"MMD/CAMK1/CDC20/FGFR1/KIF14/CLSPN/DSCC1/RFC4/PLK1/CENPE/TPX2/RFC5/CHTF18/UBE2C/RFC3/PCNA/NEK10/PRLR",18
"GO:0010720","positive regulation of cell development","38/949","451/18860",0.0842572062084257,1.67448989366798,3.33719157371956,0.00135533574689864,0.0281558241981246,0.0253099474426349,"NRP1/TNFRSF11A/PRKCA/CX3CR1/TESC/BCL2/FZD3/BAIAP2/KITLG/ADAM8/CD101/CDH5/TIAM1/TREM2/PLXND1/ASPM/FOXO3/WDR62/VSIR/XRCC2/PHF10/SHB/FOS/PDE3A/E2F1/VNN1/IL18/TP73/CR1/IL10/IL7R/BMP4/CUX2/TNFSF11/ITPKA/MYB/GFAP/GPER1",38
"GO:0051897","positive regulation of phosphatidylinositol 3-kinase/protein kinase B signal transduction","22/949","217/18860",0.101382488479263,2.01483006608946,3.46096981925245,0.00143578552803047,0.0297028131111304,0.0267005729774088,"PRKCA/OSM/ENG/CX3CR1/CD28/MERTK/ADAM8/TREM2/HIP1/FGFR1/HBEGF/TYRO3/PDGFC/SPRY2/IL18/INSR/CAT/THBS1/UNC5B/ADTRP/TNFSF11/GPER1",22
"GO:0048864","stem cell development","12/949","88/18860",0.136363636363636,2.71002969633107,3.70102684517392,0.00148256470039237,0.0305432935163823,0.0274561010249559,"NRP1/SEMA6B/BCL2/EFNB1/MSI2/KITLG/SEMA4C/SEMA6C/SEMA3G/HTR2B/BMP4/SEMA3D",12
"GO:0048608","reproductive structure development","29/949","318/18860",0.0911949685534591,1.81236786819625,3.36295091480262,0.00150336992525684,0.0307170027938281,0.0276122524716873,"TLR5/MERTK/TESC/BCL2/SGPL1/KITLG/ASB1/LGR4/ASPM/FOXO3/FANCE/ACE/DHCR24/TYRO3/MAMLD1/RRM1/FANCG/HMGB2/FANCA/RETN/INSR/PTX3/DMC1/ADGRG1/BMP4/RBP4/GDF7/PRLR/DMRTA1",29
"GO:0051402","neuron apoptotic process","29/949","318/18860",0.0911949685534591,1.81236786819625,3.36295091480262,0.00150336992525684,0.0307170027938281,0.0276122524716873,"NRP1/AATK/CX3CR1/USP53/BCL2/PCDHGC3/TNFRSF21/ADAM8/TREM2/PLXND1/FOXO3/KIF14/BACE1/PARP2/CIT/XRCC2/TYRO3/FZD9/CDK5R1/TP73/NES/DLX1/PCDHGC5/UNC5B/THRB/IL10/PCDHGC4/MYB/SLC25A27",29
"GO:0099010","modification of postsynaptic structure","7/949","35/18860",0.2,3.97471022128556,4.05455984526818,0.00155761724693072,0.0316949575041435,0.0284913594779389,"CTTNBP2/ITSN1/BAIAP2/AGAP1/DLGAP3/ITPKA/FILIP1",7
"GO:0007063","regulation of sister chromatid cohesion","5/949","18/18860",0.277777777777778,5.52043086289662,4.41656985341831,0.00157894625179777,0.0318677566673819,0.0286466928011235,"FEN1/BUB1/ESPL1/SLF1/DDX11",5
"GO:0071103","DNA conformation change","5/949","18/18860",0.277777777777778,5.52043086289662,4.41656985341831,0.00157894625179777,0.0318677566673819,0.0286466928011235,"TOP2A/HMGB3/DNA2/BLM/HMGB2",5
"GO:0055002","striated muscle cell development","19/949","178/18860",0.106741573033708,2.12133410686589,3.45991849921958,0.00162734230029476,0.0327115567650343,0.0294052049999991,"MYOZ2/BCL2/SKI/RYR1/AKAP6/CXADR/RGS4/CDK1/PARP2/LMNA/SORBS2/ANKRD23/MYOM1/SMYD3/MYOM3/LMOD1/DNER/BMP4/SGCD",19
"GO:0046660","female sex differentiation","15/949","126/18860",0.119047619047619,2.36589894124141,3.54096066608268,0.00167035684343883,0.0334408134180395,0.0300607513420231,"MERTK/BCL2/SGPL1/KITLG/FOXO3/FANCE/TYRO3/FANCG/FANCA/RETN/INSR/PTX3/DMC1/RBP4/DMRTA1",15
"GO:0051146","striated muscle cell differentiation","29/949","321/18860",0.0903426791277259,1.79542985073647,3.3085962149878,0.00173251682650824,0.0345459680466401,0.0310542014136331,"MYOZ2/BCL2/TMEM119/PTGFRN/SKI/RYR1/AKAP6/CXADR/CD9/RGS4/ADAMTS15/CDK1/PARP2/LMNA/ADAMTS5/DLL1/SORBS2/KAT2A/ANKRD23/MYOM1/FZD7/SMYD3/MYOM3/LMOD1/DNER/BMP4/SGCD/IRX3/RBM24",29
"GO:2000242","negative regulation of reproductive process","11/949","78/18860",0.141025641025641,2.80268028423982,3.67221086890634,0.00174917321822423,0.0347385801139332,0.0312273450327189,"TPST2/TTK/ZWINT/KNL1/PKMYT1/SHB/TRIP13/SNAI1/FBXO5/BMP4/FBXO43",11
"GO:0120162","positive regulation of cold-induced thermogenesis","13/949","102/18860",0.127450980392157,2.53290357238786,3.57317408858627,0.00179806129027372,0.0355460425088316,0.031953192396766,"APPL2/EPAS1/GHRL/GATM/G0S2/HADH/PDGFC/GPR3/IL18/FFAR4/ADRB1/CCR2/PRLR",13
"GO:0001843","neural tube closure","12/949","90/18860",0.133333333333333,2.64980681419038,3.61122651891278,0.00180414958957212,0.0355460425088316,0.031953192396766,"IFT122/CELSR1/FZD3/SEMA4C/SKI/IFT172/CC2D2A/KAT2A/KIF20B/PRKACB/STIL/BMP4",12
"GO:0035148","tube formation","17/949","153/18860",0.111111111111111,2.20817234515865,3.45386256605497,0.00182021173420765,0.0357207559697271,0.0321102465281482,"IFT122/EDA/CELSR1/ATOH8/FZD3/SEMA4C/SKI/IFT172/CC2D2A/MMRN2/KAT2A/KIF20B/PRKACB/STIL/BMP4/GDF7/IRX3",17
"GO:0061458","reproductive system development","29/949","323/18860",0.0897832817337461,1.78431263803841,3.272677938127,0.00190148675040235,0.0371688256525499,0.0334119511881723,"TLR5/MERTK/TESC/BCL2/SGPL1/KITLG/ASB1/LGR4/ASPM/FOXO3/FANCE/ACE/DHCR24/TYRO3/MAMLD1/RRM1/FANCG/HMGB2/FANCA/RETN/INSR/PTX3/DMC1/ADGRG1/BMP4/RBP4/GDF7/PRLR/DMRTA1",29
"GO:0002520","immune system development","21/949","208/18860",0.100961538461538,2.00646429439896,3.35969502266006,0.00191605292431365,0.0373066775263422,0.0335358695524865,"TNFRSF11A/RCBTB2/EPHB3/CD28/BCL2/SLC40A1/JARID2/LRP5/CCNB2/PHLPP1/EXO1/UNG/POLQ/CDKN2B/HMGB2/ATAD5/SLC46A2/IL10/IL7R/MYB/FOXE1",21
"GO:0060606","tube closure","12/949","91/18860",0.131868131868132,2.62068805799048,3.5672379579765,0.0019852068478386,0.0385021562481198,0.034610514123502,"IFT122/CELSR1/FZD3/SEMA4C/SKI/IFT172/CC2D2A/KAT2A/KIF20B/PRKACB/STIL/BMP4",12
"GO:0007189","adenylate cyclase-activating G protein-coupled receptor signaling pathway","20/949","195/18860",0.102564102564103,2.0383129339926,3.3547803612971,0.002014254173049,0.0389135096077365,0.0349802895503902,"S1PR1/PRKCA/GNG2/NHERF1/AKAP6/PDE3B/PDE2A/ADCY4/PDE3A/CXCR3/ADCY1/GPR3/PRKACB/FFAR4/ADGRD1/ADRB1/PTGER3/CALCRL/VIPR1/GPER1",20
"GO:0055021","regulation of cardiac muscle tissue growth","10/949","68/18860",0.147058823529412,2.92258104506291,3.65582274263982,0.0020300996070476,0.0390676145309742,0.0351188181716925,"JARID2/AKAP6/RGS4/FGFR1/CDK1/PARP2/TP73/TGFBR3/RBP4/MIR25",10
"GO:0051299","centrosome separation","5/949","19/18860",0.263157894736842,5.22988187011258,4.24605469347131,0.00205492370769646,0.03939264945449,0.0354109998806461,"KIF11/NEK2/KIF15/PLK1/CHEK1",5
"GO:0000132","establishment of mitotic spindle orientation","7/949","37/18860",0.189189189189189,3.75986102013499,3.8679083331807,0.00218515080993131,0.0417279760434961,0.0375102811097521,"GPSM2/MAD2L1/PLK1/NDC80/SPRY2/CENPA/ENKD1",7
"GO:0031214","biomineral tissue development","19/949","183/18860",0.103825136612022,2.06337415859087,3.32728963536519,0.0022405518946386,0.0426219929382401,0.0383139343951106,"S1PR1/ANKH/SLC20A1/TMEM119/RXRA/LGR4/KL/RFLNB/NECTIN1/FGFR1/IBSP/FZD9/RUNX2/FBXO5/WLS/CLEC3B/BMP4/ALOX15/HEY1",19
"GO:0001764","neuron migration","20/949","197/18860",0.101522842639594,2.0176194016678,3.30491491535294,0.00227244025344402,0.0428466906221402,0.0385159205465361,"NRP1/CELSR1/FZD3/ASPM/FGFR1/WDR62/TYRO3/NEXMIF/KIF26A/DAB1/DDIT4/KIF20B/CDK5R1/CELSR2/DNAAF4/DNER/SCRT2/ADGRG1/FILIP1/NTNG1",20
"GO:0070601","centromeric sister chromatid cohesion","4/949","12/18860",0.333333333333333,6.62451703547594,4.48617016197708,0.00227825303610171,0.0428466906221402,0.0385159205465361,"BUB1B/MEIKIN/BUB1/SGO1",4
"GO:1990918","double-strand break repair involved in meiotic recombination","4/949","12/18860",0.333333333333333,6.62451703547594,4.48617016197708,0.00227825303610171,0.0428466906221402,0.0385159205465361,"RAD51/FANCD2/BRME1/DMC1",4
"GO:0007097","nuclear migration","6/949","28/18860",0.214285714285714,4.25861809423453,3.97188601968467,0.00231974141634682,0.0434623250270264,0.0390693291174202,"FHOD1/TACC2/NHERF1/SYNE3/LMNA/TACC3",6
"GO:0001841","neural tube formation","13/949","105/18860",0.123809523809524,2.46053489889106,3.4544632237598,0.00233808547826625,0.043641332329293,0.0392302430860661,"IFT122/CELSR1/FZD3/SEMA4C/SKI/IFT172/CC2D2A/KAT2A/KIF20B/PRKACB/STIL/BMP4/GDF7",13
"GO:0030900","forebrain development","35/949","419/18860",0.0835322195704057,1.66008183466581,3.14517690726104,0.00237149152057535,0.044099083893845,0.0396417269751212,"NRP1/SEMA6B/EPHB3/TACC2/SKI/NRGN/ASPM/FGFR1/KIF14/WDR62/TYRO3/NOTCH3/TACC3/RTN4RL1/DYNC2H1/FOS/KIF26A/RRM1/KAT2A/DAB1/E2F1/CDK5R1/TP73/SEMA3G/STIL/DLX1/EFHC1/ADGRG1/BMP4/SEMA3D/MGARP/BCAN/FILIP1/FEZ1/GDF7",35
"GO:0048534","hematopoietic or lymphoid organ development","13/949","106/18860",0.122641509433962,2.4373223055053,3.41580178919262,0.00254519995944442,0.04715267835314,0.0423866764652173,"TNFRSF11A/RCBTB2/EPHB3/BCL2/SLC40A1/JARID2/LRP5/CCNB2/CDKN2B/SLC46A2/IL7R/MYB/FOXE1",13
"GO:0046605","regulation of centrosome cycle","9/949","59/18860",0.152542372881356,3.0315586433534,3.59747192962902,0.00259484157448442,0.0478936372390898,0.0430527422258421,"BRCA1/WDR62/CCNF/PLK4/KAT2A/CCDC15/SPICE1/XRCC3/STIL",9
"GO:0060972","left/right pattern formation","16/949","145/18860",0.110344827586207,2.19294357036445,3.31926178361127,0.0026238368684981,0.0482494446373817,0.0433725860523663,"IFT122/ENG/DISP1/CIROZ/MICAL2/IFT172/CC2D2A/DYNC2H1/DLL1/SNAI1/RTTN/PCSK6/MNS1/STIL/DNAAF4/SOX17",16
